"TS: Accessories","Příslušenství"
"TS: Action and Thriller","Action and Thriller"
"TS: Backpacks","Batohy"
"TS: Bags","Tašky"
"TS: Ballerinas","Baleríny"
"TS: Band Merch of your favorite bands - huge selection of over 850 bands","Band Merch vašich oblíbených kapel - obrovský výběr více než 850 kapel"
"TS: Bands","Skupiny"
"TS: Beanies & Scarfs","Kulichy & Šála"
"TS: Beanies","Kulichy"
"TS: Belts","Pásky"
"TS: Bracelets","Náramky"
"TS: Brands","Značky"
"TS: Calendars","Kalendáře"
"TS: Caps & Beanies","Kšiltovky & Kulichy"
"TS: Caps","Kšiltovky"
"TS: Cardigans","Propínací svetry"
"TS: Cargo Pants","Kapsáče"
"TS: Cases","Kryty"
"TS: Click here","Klikněte zde"
"TS: Coats","Kabáty"
"TS: College Jackets","Univerzitní bundy"
"TS: Discover over 100 top brands for your style","Objevte přes 100 nejlepších značek pro váš styl"
"TS: Disney","Disney"
"TS: Dresses","Oblečení"
"TS: Fan articles","Články pro fanoušky"
"TS: Fantasy and Adventure","Fantasy and Adventure"
"TS: Flags","Vlajky"
"TS: For free","Zdarma"
"TS: From Marvel to Game Of Thrones - the best fan articles of your film and series heroes","Od Marvel po Game Of Thrones - nejlepší fanouškovské články vašich hrdinů filmu a seriálu"
"TS: Funko Pops","Funko Pops"
"TS: Gaming","Gaming"
"TS: Gloves","Rukavice"
"TS: Headphones","Sluchátka"
"TS: Hoodies & Sweater","Mikiny a svetry"
"TS: Hoodies & Zipper","Mikiny na zip a s kapucí"
"TS: Hoodies","Mikiny"
"TS: Hoodies, Sweater & Zipper","Mikiny, svetry & Mikiny na zip"
"TS: Horror","Horror"
"TS: Jackets","Bundy"
"TS: Jackets, shoes, t-shirts and jeans","Bundy, boty, trička a džíny"
"TS: Jeans & pants","Džíny & Kalhoty"
"TS: Jeans Jackets","Džísky"
"TS: Jeans","Džíny"
"TS: Jewelry","šperky"
"TS: Keychains","Přívěsky"
"TS: Leather Jackets","Kožené bundy"
"TS: Leggings","Legíny"
"TS: Light jackets","Lehké bundy"
"TS: Living & Lifestyle","Living & Lifestyle"
"TS: Longsleeves","Dlouhý rukáv"
"TS: Manga & Anime","Manga & Anime"
"TS: Merch","Merch"
"TS: Movies & TV Series","Movies & TV Series"
"TS: Mugs","Hrnky"
"TS: New LPs & CDs","Nové LPs a CDs"
"TS: New album","Nové album"
"TS: New collection","Nová kolekce"
"TS: New merch + Album","Nový merch + Album"
"TS: New merch + Tour","Nový merch + Tour"
"TS: New merch","Nový merch"
"TS: Nintendo","Nintendo"
"TS: Pants","Kalhoty"
"TS: Patches","Nášivky"
"TS: Patent boots","Holínky"
"TS: Playstation","Playstation"
"TS: Pop Culture","Popkultura"
"TS: Posters","Plakáty"
"TS: Pre-order now!","Předobjednejte si nyní"
"TS: Pullover Jackets","Bunda přes hlavu"
"TS: Scarf","Šála"
"TS: Scarfs","Šály"
"TS: Sci-Fi","Sci-Fi"
"TS: Shirts","Košile"
"TS: Shoes","Boty"
"TS: Shop now","Kupte si nyní"
"TS: Shorts","Šortky"
"TS: Skatedecks","Skate desky"
"TS: Skirts","Sukně"
"TS: Sneakers","Tenisky"
"TS: Socks","Ponožky"
"TS: Sport Jackets","Sportovní bundy"
"TS: Streetwear Shorts","Streetwearové kraťasy"
"TS: Sunglasses","Sluneční brýle"
"TS: Superheroes","Superheroes"
"TS: Sweat Pants","Tepláky"
"TS: T-Shirts","Trička"
"TS: Tanks","Tílka"
"TS: Tops","Topy"
"TS: Towels","Ručníky"
"TS: Tracksuit","Souprava"
"TS: Underwear","Spodní prádlo"
"TS: Various","Ostatní"
"TS: Vest","Vesty"
"TS: Vinyl","Viny"
"TS: Wallets","Peněženky"
"TS: Watches","Hodinky"
"TS: Win","Vyhrajte"
"TS: Windbreaker","Větrovka"
"TS: Winter jacktes","Zimní bundy"
"TS: Wristbands","Potítka"
"TS: Xbox","Xbox"
"TS: Zipper","Mikiny na zip"
"TS: free & limited","Omezený počet zdarma"
