"Default: Accessories","Accessories"
"Default: Action and Thriller","Action and Thriller"
"Default: Backpacks","Rucksäcke"
"Default: Bags","Taschen"
"Default: Ballerinas","Ballerinas"
"Default: Band Merch of your favorite bands - huge selection of over 850 bands","Band Merch deiner Lieblingsbands - riesige Auswahl an über 850 Bands"
"Default: Bands","Bands"
"Default: Beanies & Scarfs","Beanies & Schals"
"Default: Beanies","Beanies"
"Default: Belts","Gürtel"
"Default: Bracelets","Bracelets"
"Default: Brands","Marken"
"Default: Calendars","Kalender"
"Default: Caps & Beanies","Caps & Beanies"
"Default: Caps","Caps"
"Default: Cardigans","Cardigans"
"Default: Cargo Pants","Cargo Hosen"
"Default: Cases","Hüllen"
"Default: Click here","Klicke hier"
"Default: Coats","Mäntel"
"Default: College Jackets","Collegejacken"
"Default: Discover over 100 top brands for your style","Entdecke über 100 Top Brands für deinen Style"
"Default: Disney","Disney"
"Default: Dresses","Kleider"
"Default: Fan articles","Fan-Artikel"
"Default: Fantasy and Adventure","Fantasy and Adventure"
"Default: Flags","Flaggen"
"Default: For free","Gratis"
"Default: From Marvel to Game Of Thrones - the best fan articles of your film and series heroes","Von Marvel bis Game Of Thrones – die besten Fanartikel deiner Film- und Serienhelden"
"Default: Funko Pops","Funko Pops"
"Default: Gaming","Gaming"
"Default: Gloves","Handschuhe"
"Default: Headphones","Kopfhörer"
"Default: Hoodies & Sweater","Hoodies & Sweater"
"Default: Hoodies & Zipper","Hoodies & Zipper"
"Default: Hoodies","Hoodies"
"Default: Hoodies, Sweater & Zipper","Hoodies & Sweater"
"Default: Horror","Horror"
"Default: Jackets","Jacken"
"Default: Jackets, shoes, t-shirts and jeans","Jacken, Schuhe, T-Shirts und Jeans"
"Default: Jeans & pants","Jeans und Hosen"
"Default: Jeans Jackets","Jeansjacken"
"Default: Jeans","Jeans"
"Default: Jewelry","Schmuck"
"Default: Keychains","Schlüsselanhänger"
"Default: Leather Jackets","Lederjacken"
"Default: Leggings","Leggings"
"Default: Light jackets","Übergangsjacken"
"Default: Living & Lifestyle","Living & Lifestyle"
"Default: Longsleeves","Longsleeves"
"Default: Manga & Anime","Manga & Anime"
"Default: Merch","Merch"
"Default: Movies & TV Series","Movies & TV Series"
"Default: Mugs","Tassen"
"Default: New LPs & CDs","Medien-Neuheiten"
"Default: New album","Neues album"
"Default: New collection","Neue Kollektion"
"Default: New merch + Album","Neues Merch + Album"
"Default: New merch + Tour","Neues Merch + Tour"
"Default: New merch","Neues Merch"
"Default: Nintendo","Nintendo"
"Default: Pants","Hosen"
"Default: Patches","Aufnäher"
"Default: Patent boots","Gummistiefel"
"Default: Playstation","Playstation"
"Default: Pop Culture","Pop Culture"
"Default: Posters","Poster"
"Default: Pre-order now!","Pre-Order jetzt"
"Default: Pullover Jackets","Überzieher Jacke"
"Default: Scarf","Schal"
"Default: Scarfs","Schals"
"Default: Sci-Fi","Sci-Fi"
"Default: Shirts","Hemden"
"Default: Shoes","Schuhe"
"Default: Shop now","Jetzt shoppen"
"Default: Shorts","Shorts"
"Default: Skatedecks","Skate Decks"
"Default: Skirts","Röcke"
"Default: Sneakers","Sneaker"
"Default: Socks","Socken"
"Default: Sport Jackets","Trainingsjacke"
"Default: Streetwear Shorts","Streetwear Shorts"
"Default: Sunglasses","Sonnenbrillen"
"Default: Superheroes","Superheroes"
"Default: Sweat Pants","Jogginghosen"
"Default: T-Shirts","T-Shirts"
"Default: Tanks","Tanks"
"Default: Tops","Oberteile"
"Default: Towels","Handtücher"
"Default: Tracksuit","Trainingsanzug"
"Default: Underwear","Unterwäsche"
"Default: Various","Diverses"
"Default: Vest","Westen"
"Default: Vinyl","Vinyl"
"Default: Wallets","Portemonnaies"
"Default: Watches","Uhren"
"Default: Win","Gewinne"
"Default: Windbreaker","Windbreaker"
"Default: Winter jacktes","Winterjacken"
"Default: Wristbands","Schweißbänder"
"Default: Xbox","Xbox"
"Default: Zipper","Zipper"
"Default: free & limited","kostenlos & limitiert"
