"Default: Accessories","Accesorios"
"Default: Action and Thriller","Acción y Thriller"
"Default: Backpacks","Mochila"
"Default: Bags","Bolsa"
"Default: Ballerinas","Bailarinas"
"Default: Band Merch of your favorite bands - huge selection of over 850 bands","Merch de tus grupos favoritos - gran selección de más de 850 grupos"
"Default: Bands","Grupos"
"Default: Beanies & Scarfs","Gorros & Bufanda"
"Default: Beanies","Gorros"
"Default: Belts","Correa"
"Default: Bracelets","Brazaletes"
"Default: Brands","Marcas"
"Default: Calendars","Calendario"
"Default: Caps & Beanies","Gorras & Beanies"
"Default: Caps","Gorras"
"Default: Cardigans","Cardigans"
"Default: Cargo Pants","Pantalones Cargo"
"Default: Cases","Envoltura"
"Default: Click here","Click aquí"
"Default: Coats","Abrigo"
"Default: College Jackets","Chaquetas universitarios"
"Default: Discover over 100 top brands for your style","Descubre más de 100 marcas potentes que encajen con tu estilo"
"Default: Disney","Disney"
"Default: Dresses","Vestidos"
"Default: Fan articles","Artículos para fans"
"Default: Fantasy and Adventure","Fantasía y Aventura"
"Default: Flags","Banderas"
"Default: For free","Gratis"
"Default: From Marvel to Game Of Thrones - the best fan articles of your film and series heroes","Desde Marvel hasta Juego de Tronos - los mejores artículos de tus personajes favoritos para fans de películas o series"
"Default: Funko Pops","Funko Pops"
"Default: Gaming","Gaming"
"Default: Gloves","Guantes"
"Default: Headphones","Auriculares"
"Default: Hoodies & Sweater","Sudaderas & Jerséis"
"Default: Hoodies & Zipper","Sudaderas & Chaquetas"
"Default: Hoodies","Sudadera"
"Default: Hoodies, Sweater & Zipper","Sudaderas, Jerséis & Chaquetas"
"Default: Horror","Terror"
"Default: Jackets","Chaquetas"
"Default: Jackets, shoes, t-shirts and jeans","Chaquetas, zapatos, camisetas y pantalones"
"Default: Jeans & pants","Vaqueros & Pantalones"
"Default: Jeans Jackets","Chaquetas vaquera"
"Default: Jeans","Vaqueros"
"Default: Jewelry","Joyería"
"Default: Keychains","LLavero"
"Default: Leather Jackets","Chaquetas de cuero"
"Default: Leggings","Leggings"
"Default: Light jackets","Chaqueta de entretiempo"
"Default: Living & Lifestyle","Estilo de vida"
"Default: Longsleeves","Manga larga"
"Default: Manga & Anime","Manga & Anime"
"Default: Merch","Merchandise"
"Default: Movies & TV Series","Películas & Series de televisión"
"Default: Mugs","Tazas"
"Default: New LPs & CDs","Nuevos LPs & CDs"
"Default: New album","Nuevo album"
"Default: New collection","Nueva colección"
"Default: New merch + Album","Nuevo merchandise + Album"
"Default: New merch + Tour","Nuevo merchandise + Tour"
"Default: New merch","Nuevo merchandise"
"Default: Nintendo","Nintendo"
"Default: Pants","Pantalones"
"Default: Patches","Emblemas"
"Default: Patent boots","Botas de goma"
"Default: Playstation","Playstation"
"Default: Pop Culture","Cultura Pop"
"Default: Posters","Poster"
"Default: Pre-order now!","RESÉRVALO AHORA"
"Default: Pullover Jackets","Canguro"
"Default: Scarf","Bufanda"
"Default: Scarfs","Bufandas"
"Default: Sci-Fi","Ciencia ficción"
"Default: Shirts","Blusas"
"Default: Shoes","Zapatos"
"Default: Shop now","Cómpralo ahora"
"Default: Shorts","Shorts"
"Default: Skatedecks","Tablas de skate"
"Default: Skirts","Minifalda"
"Default: Sneakers","Sneakers"
"Default: Socks","Calcetines"
"Default: Sport Jackets","Chaquetas deportiva"
"Default: Streetwear Shorts","Shorts de marca"
"Default: Sunglasses","Gafas de sol"
"Default: Superheroes","Superhéroes"
"Default: Sweat Pants","Chandal"
"Default: T-Shirts","Camisetas"
"Default: Tanks","Tanks"
"Default: Tops","Camisetas"
"Default: Towels","Toallas"
"Default: Tracksuit","Chándal"
"Default: Underwear","Ropa interior"
"Default: Various","Diversos"
"Default: Vest","Chalecos"
"Default: Vinyl","Vinilo"
"Default: Wallets","Cartera"
"Default: Watches","Relojes"
"Default: Win","Gana"
"Default: Windbreaker","Chubasquero"
"Default: Winter Jackets","Chaqueta de invierno"
"Default: Wristbands","Cintas para la cabeza o muñecas"
"Default: Xbox","Xbox"
"Default: Zipper","Zipper"
"Default: free & limited","Gratis y limitado"
