"Default: Accessories","Lisätarvikkeet"
"Default: Action and Thriller","Action and Thriller"
"Default: Backpacks","Selkäreppu"
"Default: Bags","Laukku"
"Default: Ballerinas","Ballerinat"
"Default: Band Merch of your favorite bands - huge selection of over 850 bands","Bändituotteet suosikkiyhtyeiltäsi - Suuri valikoima! Yli 800 bändiä"
"Default: Bands","Bändit"
"Default: Beanies & Scarfs","Pipot & Huivi"
"Default: Beanies","Pipot"
"Default: Belts","Vyö"
"Default: Bracelets","Rannekoru"
"Default: Brands","Merkkituotteet"
"Default: Calendars","Kalenteri"
"Default: Caps & Beanies","Lippis & Pipo"
"Default: Caps","Lippis"
"Default: Cardigans","Villatakki"
"Default: Cargo Pants","Cargo-housut"
"Default: Cases","Kuori"
"Default: Click here","Paina tästä"
"Default: Coats","Takki"
"Default: College Jackets","College takki"
"Default: Discover over 100 top brands for your style","Löydä yli 800 suosittua merkkiä, jotka sopivat sinun tyyliisi"
"Default: Disney","Disney"
"Default: Dresses","Mekko"
"Default: Fan articles","Fanituotteet"
"Default: Fantasy and Adventure","Fantasy and Adventure"
"Default: Flags","Lippuja"
"Default: For free","Ilmaiseksi"
"Default: From Marvel to Game Of Thrones - the best fan articles of your film and series heroes","Marvelista Game Of Thronesiin - Parhaat fanituotteet suosikki sankareiltasi"
"Default: Funko Pops","Funko Pops"
"Default: Gaming","Pelaaminen"
"Default: Gloves","Hanskat"
"Default: Headphones","Korvakuulokkeet"
"Default: Hoodies & Sweater","Hupparit ja villapaidat"
"Default: Hoodies & Zipper","Hupparit & Vetoketjuhupparit"
"Default: Hoodies","Huppari"
"Default: Hoodies, Sweater & Zipper","Hupparit , villapaidat & Vetoketjuhupparit"
"Default: Horror","Horror"
"Default: Jackets","Takki"
"Default: Jackets, shoes, t-shirts and jeans","Takit, kengät, t-paidat sekä farkut"
"Default: Jeans & pants","Farkut & Housut"
"Default: Jeans Jackets","Farkkutakki"
"Default: Jeans","Farkut"
"Default: Jewelry","Korut"
"Default: Keychains","Avaimenperä"
"Default: Leather Jackets","Nahkatakki"
"Default: Leggings","Leggingsit"
"Default: Light jackets","Jokasään takki"
"Default: Living & Lifestyle","Living & Lifestyle"
"Default: Longsleeves","Pitkähihainen"
"Default: Manga & Anime","Manga & Anime"
"Default: Merch","Uusia vaatteita"
"Default: Movies & TV Series","Movies & TV Series"
"Default: Mugs","Mukeja"
"Default: New LPs & CDs","Uusia vinyyleitä ja CD-levyjä"
"Default: New album","uusi albumi"
"Default: New collection","uusi mallisto"
"Default: New merch + Album","Uusia vaatteita + Album"
"Default: New merch + Tour","Uusia vaatteita + Tour"
"Default: New merch","Uusia vaatteita"
"Default: Nintendo","Nintendo"
"Default: Pants","Housut"
"Default: Patches","Hihamerkit"
"Default: Patent boots","Nilkkakengät"
"Default: Playstation","Playstation"
"Default: Pop Culture","Popkulttuuri"
"Default: Posters","Juliste"
"Default: Pre-order now!","Ennakkotilaa nyt"
"Default: Pullover Jackets",""
"Default: Scarf","Huivi"
"Default: Scarfs","Huivi"
"Default: Sci-Fi","SiFi"
"Default: Shirts","Paita"
"Default: Shoes","Kengät"
"Default: Shop now","Shoppaile nyt"
"Default: Shorts","Shortsit"
"Default: Skatedecks","Skate kannet"
"Default: Skirts","Hame"
"Default: Sneakers","lenkkarit"
"Default: Socks","Sukat"
"Default: Sport Jackets","Verryttelytakki"
"Default: Streetwear Shorts","Streetwear shortsit"
"Default: Sunglasses","Aurinkolasit"
"Default: Superheroes","Superheroes"
"Default: Sweat Pants","Verkkarit"
"Default: T-Shirts","T-paita"
"Default: Tanks","Hihaton"
"Default: Tops","Toppi"
"Default: Towels","Pyyhe"
"Default: Tracksuit","Verryttelypuku"
"Default: Underwear","Alusvaatteet"
"Default: Various","Sekalaiset"
"Default: Vest","Liivi"
"Default: Vinyl","Vinyyli"
"Default: Wallets","Lompakko"
"Default: Watches","Rannekello"
"Default: Win","Voita"
"Default: Windbreaker","Tuulitakki"
"Default: Winter jacktes","Talvitakit"
"Default: Wristbands","Hikinauha"
"Default: Xbox","Xbox"
"Default: Zipper","Vetoketjuhuppari"
"Default: free & limited","Vapaa & rajoitettu"
