"TS: Accessories","Accessoires"
"TS: Action and Thriller","Action et Thriller"
"TS: Backpacks","Sac à Dos"
"TS: Bags","Sacs"
"TS: Ballerinas","Ballerines"
"TS: Band Merch of your favorite bands - huge selection of over 850 bands","le merchandising de vos groupes préférés - énorme sélection de plus de 850 groupes"
"TS: Bands","Groupes"
"TS: Beanies & Scarfs","Bonnets & Écharpes"
"TS: Beanies","Bonnets"
"TS: Belts","Ceintures"
"TS: Bracelets","Bracelets"
"TS: Brands","Marques"
"TS: Calendars","Calendriers"
"TS: Caps & Beanies","Casquettes & Bonnets"
"TS: Caps","Casquettes"
"TS: Cardigans","Cardigans"
"TS: Cargo Pants","Pantalons Cargo"
"TS: Cases","Étuis"
"TS: Click here","Cliquez ici"
"TS: Coats","Manteaux"
"TS: College Jackets","Vestes College"
"TS: Discover over 100 top brands for your style","Découvrez plus de 100 marques du moment pour alimenter votre style"
"TS: Disney","Disney"
"TS: Dresses","Robes"
"TS: Fan articles","Produits dérivés"
"TS: Fantasy and Adventure","Fantasy et Aventure"
"TS: Flags","Drapeaux"
"TS: For free","Gratuit"
"TS: From Marvel to Game Of Thrones - the best fan articles of your film and series heroes","De Marvel à Game Of Thrones - les meilleurs produits dérivés aux couleurs des héros de vos films et séries préférés"
"TS: Funko Pops","Funko Pops"
"TS: Gaming","Gaming"
"TS: Gloves","Gants"
"TS: Headphones","Casques Audio"
"TS: Hoodies & Sweater","Sweats à Capuches & À Col Rond"
"TS: Hoodies & Zipper","Sweats à capuche & sweats zippés"
"TS: Hoodies","Sweats à capuche"
"TS: Hoodies, Sweater & Zipper","Sweats à Capuches, À Col Rond & sweats zippés"
"TS: Horror","Horreur"
"TS: Jackets","Vestes"
"TS: Jackets, shoes, t-shirts and jeans","Vestes, chaussures, t-shirts et jeans"
"TS: Jeans & pants","Jeans & Pantalons"
"TS: Jeans Jackets","Vestes en Jean"
"TS: Jeans","Jeans"
"TS: Jewelry","Bijoux"
"TS: Keychains","Porte-clés"
"TS: Leather Jackets","Vestes en Cuir"
"TS: Leggings","Leggings"
"TS: Light jackets","Vestes légères"
"TS: Living & Lifestyle","Living & Lifestyle"
"TS: Longsleeves","Manches Longues"
"TS: Manga & Anime","Manga & Animes"
"TS: Merch","Merch"
"TS: Movies & TV Series","Films & Séries"
"TS: Mugs","Mugs"
"TS: New LPs & CDs","Nouveaux LPs & CDs"
"TS: New album","Nouvel album"
"TS: New collection","Nouvelle collection"
"TS: New merch + Album","Nouveau Merch + Album"
"TS: New merch + Tour","Nouveau Merch + Tour"
"TS: New merch","Nouveau Merch"
"TS: Nintendo","Nintendo"
"TS: Pants","Pantalons"
"TS: Patches","Insigne à Coudre"
"TS: Patent boots","Bottes en caoutchouc"
"TS: Playstation","Playstation"
"TS: Pop Culture","Pop Culture"
"TS: Posters","Posters"
"TS: Pre-order now!","Pré-commandez dès maintenant"
"TS: Pullover Jackets","Blouson à enfiler"
"TS: Scarf","Écharpes"
"TS: Scarfs","Écharpes"
"TS: Sci-Fi","Science Fiction"
"TS: Shirts","Chemises"
"TS: Shoes","Chaussures"
"TS: Shop now","Acheter maintenant"
"TS: Shorts","Shorts"
"TS: Skatedecks","Skateboars"
"TS: Skirts","Robes"
"TS: Sneakers","Sneakers"
"TS: Socks","Chaussettes"
"TS: Sport Jackets","Vestes Sport"
"TS: Streetwear Shorts","Shorts Streetwear"
"TS: Sunglasses","Lunettes De Soleil"
"TS: Superheroes","Super Héros"
"TS: Sweat Pants","Jogging"
"TS: T-Shirts","T-Shirts"
"TS: Tanks","Débardeurs"
"TS: Tops","Hauts"
"TS: Towels","Serviettes"
"TS: Tracksuit","Jogging"
"TS: Underwear","Sous-Vêtements"
"TS: Various","Various"
"TS: Vest","Gilet"
"TS: Vinyl","Vinyle"
"TS: Wallets","Portefeuilles"
"TS: Watches","Montres"
"TS: Win","Gagnez"
"TS: Windbreaker","Coupe vent"
"TS: Winter jacktes","Manteaux d´hiver"
"TS: Wristbands","Bracelets éponge"
"TS: Xbox","Xbox"
"TS: Zipper","Sweats Zippés"
"TS: free & limited","gratuit & limité"
