"TS: Accessories","Accessori"
"TS: Action and Thriller","Action and Thriller"
"TS: Backpacks","Zaini"
"TS: Bags","Borse"
"TS: Ballerinas","Ballerine"
"TS: Band Merch of your favorite bands - huge selection of over 850 bands","Il Merchandise delle tue band preferite - Enorme selezione con più di 850 band"
"TS: Bands","Bands"
"TS: Beanies & Scarfs","Berrette & Sciarpa"
"TS: Beanies","Berrette"
"TS: Belts","Cinture"
"TS: Bracelets","Braccialetti"
"TS: Brands","Brands"
"TS: Calendars","Calendari"
"TS: Caps & Beanies","Capelli & Beanies"
"TS: Caps","Capelli"
"TS: Cardigans","Cardigan"
"TS: Cargo Pants","Pantaloni Cargo"
"TS: Cases","Custodie"
"TS: Click here","Clicca qui"
"TS: Coats","Cappotti"
"TS: College Jackets","Giacche college"
"TS: Discover over 100 top brands for your style","Scopri più di 100 marchi del momento per il tuo stile"
"TS: Disney","Disney"
"TS: Dresses","Abiti"
"TS: Fan articles","Fan Articles"
"TS: Fantasy and Adventure","Fantasy and Adventure"
"TS: Flags","Bandiere"
"TS: For free","Gratis & limitato	Gratis"
"TS: From Marvel to Game Of Thrones - the best fan articles of your film and series heroes","Da Marvel a Game of Thrones - I migliori articoli per i fan dei Film e Serie TV"
"TS: Funko Pops","Funko Pops"
"TS: Gaming","Gaming"
"TS: Gloves","Guanti"
"TS: Headphones","Cuffie"
"TS: Hoodies & Sweater","Hoodies & Felpe"
"TS: Hoodies & Zipper","Felpe con cappuccio e zip"
"TS: Hoodies","Felpe col cappuccio"
"TS: Hoodies, Sweater & Zipper","Felpe con cappuccio e zip & Felpe"
"TS: Horror","Horror"
"TS: Jackets","Giacche"
"TS: Jackets, shoes, t-shirts and jeans","Giacche, scarpe, t-shirt e jeans"
"TS: Jeans & pants","Jeans & Pantaloni"
"TS: Jeans Jackets","Giacche di jeans"
"TS: Jeans","Jeans"
"TS: Jewelry","Bigiotteria"
"TS: Keychains","Portachiavi"
"TS: Leather Jackets","Giacche di pelle"
"TS: Leggings","Leggings"
"TS: Light jackets","Giacce per tutte le stagioni"
"TS: Living & Lifestyle","Living & Lifestyle"
"TS: Longsleeves","maniche lunghe"
"TS: Manga & Anime","Manga & Anime"
"TS: Merch","Merch"
"TS: Movies & TV Series","Movies & TV Series"
"TS: Mugs","Tazze"
"TS: New LPs & CDs","Nuovi LP e CD"
"TS: New album","Nuovo album"
"TS: New collection","Nuova collezione"
"TS: New merch + Album","Nuovo merch + Album"
"TS: New merch + Tour","Nuovo merch + Tour"
"TS: New merch","Nuovo merch"
"TS: Nintendo","Nintendo"
"TS: Pants","Pantaloni"
"TS: Patches","Toppe"
"TS: Patent boots","Stivaili in gomma"
"TS: Playstation","Playstation"
"TS: Pop Culture","Pop Culture"
"TS: Posters","Poster"
"TS: Pre-order now!","Preordina subito!"
"TS: Pullover Jackets","Giacche Pullover"
"TS: Scarf","Sciarpa"
"TS: Scarfs","Sciarpe"
"TS: Sci-Fi","Sci-Fi"
"TS: Shirts","Camicie"
"TS: Shoes","Scarpe"
"TS: Shop now","Acquista ora"
"TS: Shorts","Pantaloncini"
"TS: Skatedecks","Tavole da Skate"
"TS: Skirts","Gonne"
"TS: Sneakers","Sneakers"
"TS: Socks","Calzini"
"TS: Sport Jackets","Giacche sportive"
"TS: Streetwear Shorts","Pantaloncini Streetwear"
"TS: Sunglasses","Occhiali da sole"
"TS: Superheroes","Superheroes"
"TS: Sweat Pants","Pantaloni della tuta"
"TS: T-Shirts","T-Shirt"
"TS: Tanks","Canotte"
"TS: Tops","Top"
"TS: Towels","Asciugamani"
"TS: Tracksuit","Tracksuit"
"TS: Underwear","Intimo"
"TS: Various","Varie"
"TS: Vest","Gilet"
"TS: Vinyl","Vinili"
"TS: Wallets","Portafogli"
"TS: Watches","Orologi"
"TS: Win","Vinci"
"TS: Windbreaker","Giacche a vento"
"TS: Winter Jackets","Giacche invernali"
"TS: Wristbands","Polsini"
"TS: Xbox","Xbox"
"TS: Zipper","Felpa con la zip"
"TS: free & limited","kostenlos & limitiert"
