"Default: Accessories","Accessoires"
"Default: Action and Thriller","Actie & Thriller"
"Default: Backpacks","Rugtassen"
"Default: Bags","Tassen"
"Default: Ballerinas","Ballerina's"
"Default: Band Merch of your favorite bands - huge selection of over 850 bands","Band merchandise van jouw favoriete bands - enorme collectie met meer dan 850 bands"
"Default: Bands","Bands"
"Default: Beanies & Scarfs","Mutsen & Sjaals"
"Default: Beanies","Mutsen"
"Default: Belts","Riemen"
"Default: Bracelets","Armbanden"
"Default: Brands","Merken"
"Default: Calendars","Kalenders"
"Default: Caps & Beanies","Caps & Mutsen"
"Default: Caps","Caps"
"Default: Cardigans","vesten"
"Default: Cargo Pants","Cargo Broeken"
"Default: Cases","Telefoonhoesjes"
"Default: Click here","Klik hier"
"Default: Coats","Overjas"
"Default: College Jackets","College Jacks"
"Default: Discover over 100 top brands for your style","Ontdek meer dan 100 top merken voor jouw stijl"
"Default: Disney","Disney"
"Default: Dresses","Jurkjes"
"Default: Fan articles","Fan artikelen"
"Default: Fantasy and Adventure","Fantasie & Avontuur"
"Default: Flags","Vlaggen"
"Default: For free","Gratis"
"Default: From Marvel to Game Of Thrones - the best fan articles of your film and series heroes","Van Marvel tot Game Of Thrones - de beste fan artikelen van jouw film en serie helden"
"Default: Funko Pops","Funko Pops"
"Default: Gaming","Gaming"
"Default: Gloves","Handschoenen"
"Default: Headphones","Hoofdtelefoons"
"Default: Hoodies & Sweater","Hoodies & Sweaters"
"Default: Hoodies & Zipper","Hoodies & Vesten"
"Default: Hoodies","Hoodies"
"Default: Hoodies, Sweater & Zipper","Hoodies, Sweaters & Vesten"
"Default: Horror","Horror"
"Default: Jackets","Jassen"
"Default: Jackets, shoes, t-shirts and jeans","Jassen, schoenen, T-shirts en jeans"
"Default: Jeans & pants","Jeans & Broeken"
"Default: Jeans Jackets","Spijkerjacks"
"Default: Jeans","Jeans"
"Default: Jewelry","Juwelen"
"Default: Keychains","Sleutelhangers"
"Default: Leather Jackets","Leren Jacks"
"Default: Leggings","Leggings"
"Default: Light jackets","Jassen"
"Default: Living & Lifestyle","Living & Lifestyle"
"Default: Longsleeves","Longsleeves"
"Default: Manga & Anime","Manga & Anime"
"Default: Merch","Merchandise"
"Default: Movies & TV Series","Films & Series"
"Default: Mugs","Mokken"
"Default: New LPs & CDs","Nieuwe LPs en CD's"
"Default: New album","Nieuw album"
"Default: New collection","Nieuwe collectie"
"Default: New merch + Album","Nieuwe merchandise + Album"
"Default: New merch + Tour","Nieuwe merchandise + Tour"
"Default: New merch","Nieuwe merchandise"
"Default: Nintendo","Nintendo"
"Default: Pants","Broeken"
"Default: Patches","Patches"
"Default: Patent boots","Hoge schoenen"
"Default: Playstation","Playstation"
"Default: Pop Culture","Pop Culture"
"Default: Posters","Posters"
"Default: Pre-order now!","PRE-ORDER NU"
"Default: Pullover Jackets","Pullover jas"
"Default: Scarf","Sjaals"
"Default: Scarfs","Sjaals"
"Default: Sci-Fi","Sciencefiction"
"Default: Shirts","Overhemden"
"Default: Shoes","Schoenen"
"Default: Shop now","Begin met winkelen"
"Default: Shorts","Shorts"
"Default: Skatedecks","Skate Decks"
"Default: Skirts","Rokjes"
"Default: Sneakers","Sneakers"
"Default: Socks","Sokken"
"Default: Sport Jackets","Trainingsjacks"
"Default: Streetwear Shorts","Streetwear Shorts"
"Default: Sunglasses","Zonnebrillen"
"Default: Superheroes","Superhelden"
"Default: Sweat Pants","Joggingsbroeken"
"Default: T-Shirts","T-Shirts"
"Default: Tanks","Tanktops"
"Default: Tops","Shirts"
"Default: Towels","Handdoeken"
"Default: Tracksuit","trainingsbroek"
"Default: Underwear","Onderbroeken"
"Default: Various","Diversen"
"Default: Vest","Bodywarmers"
"Default: Vinyl","Vinyl"
"Default: Wallets","Portemonnees"
"Default: Watches","Horloges"
"Default: Win","Win"
"Default: Windbreaker","Windbreakers"
"Default: Winter Jackets","Winter Jassen"
"Default: Wristbands","Polsbandjes"
"Default: Xbox","Xbox"
"Default: Zipper","Vesten"
"Default: free & limited","Gratis & Gelimiteerd"
