"Default: Accessories","Akcesoria"
"Default: Action and Thriller","Akcja i Thriller"
"Default: Backpacks","Plecaki"
"Default: Bags","Torby"
"Default: Ballerinas","Baleriny"
"Default: Band Merch of your favorite bands - huge selection of over 850 bands","Merch twoich ulubionych zespołów - ogromny wybór ponad 850 zespołów"
"Default: Bands","Zespoly"
"Default: Beanies & Scarfs","Czapki beanie & Szalik"
"Default: Beanies","Czapki beanie"
"Default: Belts","Paski"
"Default: Bracelets","Bransoletki"
"Default: Brands","Marki"
"Default: Calendars","Kalendarze"
"Default: Caps & Beanies","Czapka & Beanies"
"Default: Caps","Czapka"
"Default: Cardigans","Kardigany"
"Default: Cargo Pants","Bojówki"
"Default: Cases","Obudowy"
"Default: Click here","Kliknij tutaj"
"Default: Coats","Płaszcz"
"Default: College Jackets","Kurtka bejsbolówka"
"Default: Discover over 100 top brands for your style","Odkryj ponad 100 najlepszych marek dla swojego stylu"
"Default: Disney","Disney"
"Default: Dresses","Sukienka"
"Default: Fan articles","Artykuły dla fanów"
"Default: Fantasy and Adventure","Fantasy i Przygoda"
"Default: Flags","Flagi"
"Default: For free","Za darmo"
"Default: From Marvel to Game Of Thrones - the best fan articles of your film and series heroes","Od Marvela do Game of Thrones - najlepsze artykuły dla fanów filmów i seriali"
"Default: Funko Pops","Funko Pops"
"Default: Gaming","Gaming"
"Default: Gloves","Rękawiczki"
"Default: Headphones","Słuchawki"
"Default: Hoodies & Sweater","Bluzy i swetry"
"Default: Hoodies & Zipper","Bluzy z kapturem i na zamek"
"Default: Hoodies","Bluza z kapturem"
"Default: Hoodies, Sweater & Zipper","Bluzy z kapturem i na zamek & swetry"
"Default: Horror","Horror"
"Default: Jackets","Kurtka"
"Default: Jackets, shoes, t-shirts and jeans","Kurtki, buty, t-shirty oraz jeansy"
"Default: Jeans & pants","Jeansy & Spodnie"
"Default: Jeans Jackets","Kurtka jeansowa"
"Default: Jeans","Jeansy"
"Default: Jewelry","Biżuteria"
"Default: Keychains","Breloki"
"Default: Leather Jackets","Kurtka skórzana"
"Default: Leggings","Legginsy"
"Default: Light jackets","Lekkie kurtki"
"Default: Living & Lifestyle","Życie i styl życia"
"Default: Longsleeves","Longsleeves"
"Default: Manga & Anime","Manga & Anime"
"Default: Merch","Merch"
"Default: Movies & TV Series","Filmy i seriale"
"Default: Mugs","Kubki"
"Default: New LPs & CDs","Nowe winyle & CD."
"Default: New album","Nowy album"
"Default: New collection","Nowa kolekcja"
"Default: New merch + Album","Nowy merch + Album"
"Default: New merch + Tour","Nowy merch + Tour"
"Default: New merch","Nowy merch"
"Default: Nintendo","Nintendo"
"Default: Pants","Spodnie"
"Default: Patches","Naszywka"
"Default: Patent boots","Kalosze"
"Default: Playstation","Playstation"
"Default: Pop Culture","Popkultura"
"Default: Posters","Plakaty"
"Default: Pre-order now!","Zamów preorder"
"Default: Pullover Jackets","Kurtka kangurka"
"Default: Scarf","Szalik"
"Default: Scarfs","Szaliki"
"Default: Sci-Fi","Sci-Fi"
"Default: Shirts","Koszula"
"Default: Shoes","Obuwie"
"Default: Shop now","Kup teraz"
"Default: Shorts","Szorty"
"Default: Skatedecks","Skate Decks"
"Default: Skirts","Spódnica"
"Default: Sneakers","Sneakers"
"Default: Socks","Skarpety"
"Default: Sport Jackets","Kurtka sportowa"
"Default: Streetwear Shorts","spodenki streetwear"
"Default: Sunglasses","Okluary przeciwsłoneczne"
"Default: Superheroes","Superbohaterowie"
"Default: Sweat Pants","Spodnie dresowe"
"Default: T-Shirts","T-Shirts"
"Default: Tanks","Tanktop"
"Default: Tops","Topy"
"Default: Towels","Ręczniki"
"Default: Tracksuit","Dres"
"Default: Underwear","Bielizna"
"Default: Various","Różne"
"Default: Vest","Kamizelka"
"Default: Vinyl","Vinyl"
"Default: Wallets","Portfel"
"Default: Watches","Zegarki"
"Default: Win","Wygraj"
"Default: Windbreaker","Wiatrówka"
"Default: Winter Jackets","Kurtka zimowa"
"Default: Wristbands","Opaska na nadgarstek"
"Default: Xbox","Xbox"
"Default: Zipper","Bluza na zamek błyskawiczny"
"Default: free & limited","Darmowe i limitowane"
