"TS: Accessories","Accessoarer"
"TS: Action and Thriller","Action and Thriller"
"TS: Backpacks","Ryggsäckar"
"TS: Bags","Väskor"
"TS: Ballerinas","Ballerinaskor"
"TS: Band Merch of your favorite bands - huge selection of over 850 bands","Bandmerch från dina favoritband - stort urval med över 850 band"
"TS: Bands","Band"
"TS: Beanies & Scarfs","Mössor & Halsduk"
"TS: Beanies","Mössor"
"TS: Belts","Bälten"
"TS: Bracelets","Armband"
"TS: Brands","Märken"
"TS: Calendars","Kalendrar"
"TS: Caps & Beanies","Kepsar & Mössor"
"TS: Caps","Kepsar"
"TS: Cardigans","Cardigans"
"TS: Cargo Pants","Cargobyxor"
"TS: Cases","Skal"
"TS: Click here","Klicka här"
"TS: Coats","Kappor"
"TS: College Jackets","Collegejacka"
"TS: Discover over 100 top brands for your style","Upptäck över 100 toppmärken för din stil"
"TS: Disney","Disney"
"TS: Dresses","Klänningar"
"TS: Fan articles","Fanartiklar"
"TS: Fantasy and Adventure","Fantasy and Adventure"
"TS: Flags","Flaggor"
"TS: For free","Gratis"
"TS: From Marvel to Game Of Thrones - the best fan articles of your film and series heroes","Från Marvel till Game Of Thrones - de bästa fanartiklarna av dina film och seriehjältar"
"TS: Funko Pops","Funko Pops"
"TS: Gaming","Gaming"
"TS: Gloves","Handskar"
"TS: Headphones","Hörlurar"
"TS: Hoodies & Sweater","Hoodies och sweaters"
"TS: Hoodies & Zipper","Huvtröjor & Zip-Hoodies"
"TS: Hoodies","Huvtröjor"
"TS: Hoodies, Sweater & Zipper","Huvtröjor, sweaters & Zip-Hoodies"
"TS: Horror","Horror"
"TS: Jackets","Jackor"
"TS: Jackets, shoes, t-shirts and jeans","Jackor, skor, t-shirts och jeans"
"TS: Jeans & pants","Jeans & Byxor"
"TS: Jeans Jackets","Jeansjacka"
"TS: Jeans","Jeans"
"TS: Jewelry","Smycken"
"TS: Keychains","Nyckelkedjor"
"TS: Leather Jackets","Skinnjacka"
"TS: Leggings","Leggings"
"TS: Light jackets","Tunna jackor"
"TS: Living & Lifestyle","Living & Lifestyle"
"TS: Longsleeves","Långärmat"
"TS: Manga & Anime","Manga & Anime"
"TS: Merch","Merch"
"TS: Movies & TV Series","Movies & TV Series"
"TS: Mugs","Muggar"
"TS: New LPs & CDs","Nya LP’s & CD’s"
"TS: New album","Nytt album"
"TS: New collection","Ny Kollektion"
"TS: New merch + Album","Ny Merch + Album"
"TS: New merch + Tour","Ny Merch + Tour"
"TS: New merch","Ny Merch"
"TS: Nintendo","Nintendo"
"TS: Pants","Byxor"
"TS: Patches","Patch"
"TS: Patent boots","Patentstövlar"
"TS: Playstation","Playstation"
"TS: Pop Culture","Pop Culture"
"TS: Posters","Poster"
"TS: Pre-order now!","FÖRBESTÄLL NU"
"TS: Pullover Jackets","Pulloverjacka"
"TS: Scarf","Halsduk"
"TS: Scarfs","Sjalar"
"TS: Sci-Fi","Sci-Fi"
"TS: Shirts","Skjortor"
"TS: Shoes","Skor"
"TS: Shop now","Handla nu"
"TS: Shorts","Shorts"
"TS: Skatedecks","Skridskodäck"
"TS: Skirts","Kjolar"
"TS: Sneakers","Sneakers"
"TS: Socks","Strumpor"
"TS: Sport Jackets","Träningsjacka"
"TS: Streetwear Shorts","Streetwear-shorts"
"TS: Sunglasses","Solglasögon"
"TS: Superheroes","Superheroes"
"TS: Sweat Pants","Joggingbyxor"
"TS: T-Shirts","T-Shirts"
"TS: Tanks","Linnen"
"TS: Tops","Överdelar"
"TS: Towels","Handdukar"
"TS: Tracksuit","Tracksuit"
"TS: Underwear","Underkläder"
"TS: Various","Diverse"
"TS: Vest","Västar"
"TS: Vinyl","Vinyl"
"TS: Wallets","Plånböcker"
"TS: Watches","Klockor"
"TS: Win","Vinn"
"TS: Windbreaker","Vindjacka"
"TS: Winter jacktes","Vinterjackor"
"TS: Wristbands","Handledsband"
"TS: Xbox","Xbox"
"TS: Zipper","Zip-hoodies"
"TS: free & limited","Gratis & limiterad"
