"Product-Title: iPhone 4/4S Case","Kryt na iPhone 4 / 4S"
"Product-Title: iPhone 4 Case","Kryt na iPhone 4"
"Product-Title: iPhone 5 Case","Kryt na iPhone 5"
"Product-Title: iPod Classic Skin","Obal na iPod Classic"
"Product-Title: Laptop Case","Obal na notebook"
"Product-Title: Ring","Prsten"
"Product-Title: Earrings","Náušnice"
"Product-Title: Necklace","Náhrdelník"
"Product-Title: Flesh Tunnel","Flesh Tunel"
"Product-Title: Earplug","Tunel"
"Product-Title: Expander","Roztahovák"
"Product-Title: Bag","Taška"
"Product-Title: Wallet","Peněženka"
"Product-Title: Backpack","Batoh"
"Product-Title: Belt","Pásek"
"Product-Title: Girl Belt","Dámský pásek"
"Product-Title: Belt Pack","Pouzdro na opasek"
"Product-Title: Headphones","Sluchátka"
"Product-Title: Watch","Hodinky"
"Product-Title: Sunglasses","Sluneční brýle"
"Product-Title: Bracelet","Náramek"
"Product-Title: Wristband","Náramek"
"Product-Title: Gloves","Rukavice"
"Product-Title: Scarf","Šála"
"Product-Title: Towel","Ručník"
"Product-Title: Socks","Ponožky"
"Product-Title: Poster","Plakát"
"Product-Title: Sticker","Nálepka"
"Product-Title: Patch","Nášivka"
"Product-Title: Calendar","Kalendář"
"Product-Title: Keychain","Klíčenka"
"Product-Title: Belt Buckle","Spona na pásek"
"Product-Title: Foam Hand","Pěnová ruka"
"Product-Title: Skate Deck","Skate Deck"
"Product-Title: Toy","Hračka"
"Product-Title: Gift Pack","Dárkové balení"
"Product-Title: Washing Glove","Mycí rukavice"
"Product-Title: Pencil Case","Penál"
"Product-Title: Pillow","Polštář"
"Product-Title: Zip Holder","Zip Holder"
"Product-Title: Cargo Pants","Cargo kalhoty"
"Product-Title: Chino","Chino"
"Product-Title: Hotpants","Hotpants"
"Product-Title: Jeans","Džíny"
"Product-Title: Girl Jeans","Dámské džíny"
"Product-Title: Leggings","Legíny"
"Product-Title: Girl Leggings","Dámské legíny"
"Product-Title: Mesh Shorts","Mesh šortky"
"Product-Title: Panties","Kalhotky"
"Product-Title: Pants","Kalhoty"
"Product-Title: Girl Pants","Dámské kalhoty"
"Product-Title: Shorts","Šortky"
"Product-Title: Girl Shorts","Dámské šortky"
"Product-Title: Skirt","Sukně"
"Product-Title: Sweat Pants","Tepláky"
"Product-Title: Underwear","Spodní prádlo"
"Product-Title: Ballerinas","Baleríny"
"Product-Title: Heels","Podpatky"
"Product-Title: Sandal","Sándály"
"Product-Title: Girl Sandals","Dámské sandály"
"Product-Title: Peeptoes","Lodičky s otevřenou špičkou"
"Product-Title: Shoes","Boty"
"Product-Title: Girl Shoes","Dámské boty"
"Product-Title: Backpack","Batoh"
"Product-Title: Bag","Taška"
"Product-Title: Hipbag","Taška přes rameno"
"Product-Title: Laptop Bag","Laptop Bag"
"Product-Title: Tote Bag","Tote Bag"
"Product-Title: Bikini Bottom","Spodní díl bikin"
"Product-Title: Bikini","Bikiny"
"Product-Title: Board Shorts","Koupací šortky"
"Product-Title: Swimsuit","Plavky"
"Product-Title: Top","Top"
"Product-Title: Blue Ray","Blue Ray"
"Product-Title: Book","Kniha"
"Product-Title: CD","CD"
"Product-Title: CD/DVD","CD / DVD"
"Product-Title: DVD","DVD"
"Product-Title: Magazine","Časopis"
"Product-Title: Vinyl","Vinyl"
"Product-Title: Beanie","Kulich"
"Product-Title: Girl Beanie","Dámský kulich"
"Product-Title: Long Beanie","Dlouhý kulich"
"Product-Title: Cap","Čepice"
"Product-Title: Earmuff","Klapky na uši"
"Product-Title: T-Shirt","Tričko"
"Product-Title: V Neck T-Shirt","Tričko s výstřihem do V"
"Product-Title: Girly","Dámské"
"Product-Title: V Neck Girly","Dámské tričko s výstřihem do V"
"Product-Title: Tank","Tílko"
"Product-Title: Girl Tank","Dívčí tílko"
"Product-Title: Top","Top"
"Product-Title: Girl Polo","Dívčí Polo"
"Product-Title: Polo","Polo"
"Product-Title: Jersey","Dres"
"Product-Title: Longsleeve","Dlouhý rukáv"
"Product-Title: Girl Longsleeve","Dámský dlouhý rukáv"
"Product-Title: V Neck Longsleeve","Tričko s dlouhým rukávem a výstříhem do V"
"Product-Title: Girl V Neck Longsleeve","Dámské tričko s dlouhým rukávem a výstříhem do V"
"Product-Title: Zipper","Mikina na zip"
"Product-Title: Girl Zipper","Dámská mikina na zip"
"Product-Title: Hoodie","Mikina s kapucí"
"Product-Title: Girl Hoodie","Dámská mikina s kapucí"
"Product-Title: Sweater","Svetr"
"Product-Title: Girl Sweater","Dámský svetr"
"Product-Title: V Neck Sweater","Svetr s výstříhem do V"
"Product-Title: Girl V Neck Sweater","Dámský svetr s výstříhem do V"
"Product-Title: Pullover","Svetr"
"Product-Title: Girl Pullover","Dámský svetr"
"Product-Title: V Neck Pullover","Svetr s výstříhem do V"
"Product-Title: Girl V Neck Pullover","Dámský svetr s výstříhem do V"
"Product-Title: Cardigan","Cardigan"
"Product-Title: Hooded Cardigan","Cardigan s kapucí"
"Product-Title: Shirt","Košile"
"Product-Title: Girl Shirt","Dámská košile"
"Product-Title: Hooded Shirt","Košile s kapucí"
"Product-Title: Hooded Girl Shirt","Dámská košile s kapucí"
"Product-Title: Jacket","Bunda"
"Product-Title: Girl Jacket","Dámská bunda"
"Product-Title: Dress","Šaty"
"Product-Title: Coat","Kabát"
"Product-Title: Vest","Vesta"
"Product-Title: Girl Jacket","Dámská bunda"
"Product-Title: Jeans Jacket","Džínová bunda"
"Product-Title: Girl Jeans Jacket","Dámská džínová bunda"
"Product-Title: Leather Jacket","Kožená bunda"
"Product-Title: Girl Leather Jacket","Dámská kožená bunda"
"Product-Title: Track Jacket","Sportovní bunda"
"Product-Title: Girl Track Jacket","Dámská sportovní bunda"
"Product-Title: College Jacket","College bunda"
"Product-Title: Girl College Jacket","Dámská college bunda"
"Product-Title: Hooded College Jacket","College bunda s kapucí"
"Product-Title: Girl Hooded College Jacket","Dámská college bunda s kapucí"
"Product-Title: Windbreaker","Větrovka"
"Product-Title: Voucher","Poukaz"
"Product-Title: Mug","Hrnek"
"Product-Title: Cup","Sklenice"
"Product-Title: Flag","Vlajka"
"Product-Title: Backpatch","Zádovka"
"Product-Title: Travel Bag","Cestovní Taška"
"Product-Title: Tracksuit","Souprava"
"Product-Title: Boxershorts","Boxerky"
"Product-Title: Plectrum","Trsátko"
"Product-Title: Plectra","Trsátka"
"Product-Title: Plectrum Set","Sada trsátek"
"Product-Title: Piercing","Piercing"
"Product-Title: Slipmat","Slipmat"
"Product-Title: Button","Odznáček"
"Product-Title: Bottle Opener","Otvíráky"
"Product-Title: Bottle","Lahev"
"Product-Title: Coaster","Podtácky"
"Product-Title: Egg Cup","Pohár na vejce"
"Product-Title: Flask","Termoska"
"Product-Title: Glass","Sklenice"
"Product-Title: Beer Mug","Půllitry"
"Product-Title: Egg Cup & Toast Cutter","Pohár na vejce a vykrajovač toustů"
"Product-Title: Blanket","Deka"
"Product-Title: Bed","Postel"
"Product-Title: Chair","Židle"
"Product-Title: Wrapping Paper","Balící papír"
"Product-Title: Coaster Pack","Sada podložek"
"Product-Title: Stress Controller","Antistressová hračka"
"Product-Title: Beer Glass","Sklenice na pivo"
"Product-Title: Shot Glass","Panák"
"Product-Title: Notebook","Zápisník"
"Product-Title: Jumpsuit","Kombinéza"
"Product-Title: Cup Set","Sada hrnků"
"Product-Title: Travel Mug","Cestovní hrnek"
"Product-Title: Hair Clip","Sponka do vlasů"
"Product-Title: Doormat","Rohožka"
"Product-Title: Figure","Figurka"
"Product-Title: Action Figure","Akční figurka"
"Product-Title: Skatedeck","Skateboard"
"Product-Title: Bandana","Šátek"
"Product-Title: Bolts","Šroubky"
"Product-Title: Wheels","Kolečka"
"Product-Title: Bearings","Ložiška"
"Product-Title: Truck","Trucky"
"Product-Title: Umbrella","Děštník"
"Product-Title: Soft Toy","Plyšová hračka"
"Product-Title: Writing Set","Writing Set"
"Product-Title: Breakfast Set","Breakfast Set"
"Product-Title: Fridge Magnet","Fridge Magnet"
"Product-Title: Card Game","Card Game"
"Product-Title: Tights","Tights"
"Product-Title: Cushion Cover","Cushion Cover"
"Product-Title: Magnet","Magnet"
"Product-Title: Hip Bag","Taška přes rameno"
"Product-Title: Jigsaw Puzzle","Jigsaw Puzzle"
"Product-Title: Lamp","Lamp"
"Product-Title: Bracelet Set","Bracelet Set"
"Product-Title: Bottle Holder","Bottle Holder"
"Product-Title: Board Game","Board Game"
"Product-Title: Pool Float","Pool Float"
"Product-Title: Tapestry","Tapestry"
"Product-Title: Dungarees","Dungarees"
"Product-Title: Tea Cup + Saucer","Tea Cup + Saucer"
"Product-Title: Trinket Box","Trinket Box"
"Product-Title: Wall Shelf","Wall Shelf"
"Product-Title: Ring Stand","Ring Stand"
"Product-Title: Air Refresher","Air Refresher"
"Product-Title: Cycling Shorts","Cycling Shorts"
"Product-Title: Ice Mould","Ice Mould"
"Product-Title: Torch","Torch"
"Product-Title: Alarm Clock","Alarm Clock"
"Product-Title: Mousepad","Mousepad"
"Product-Title: Money Box","Money Box"
"Product-Title: Pen","Pen"
"Product-Title: Pen Topper","Pen Topper"
"Product-Title: Pen & Pen Topper","Pen & Pen Topper"
"Product-Title: Shot Glasses","Shot Glasses"
"Product-Title: Goblet","Goblet"