"PT: Action Figure","Action Figure"
"PT: Air Refresher","Air Refresher"
"PT: Alarm Clock","Alarm Clock"
"PT: Backpack","Backpack"
"PT: Backpatch","Backpatch"
"PT: Bag","Bag"
"PT: Ballerinas","Ballerinas"
"PT: Bandana","Bandana"
"PT: Beanie","Beanie"
"PT: Bearings","Bearings"
"PT: Bed","Bed"
"PT: Beer Glass","Beer Glass"
"PT: Beer Mug","Beer Mug"
"PT: Belt Buckle","Belt Buckle"
"PT: Belt Pack","Belt Pack"
"PT: Belt","Belt"
"PT: Bikini Bottom","Bikini Bottom"
"PT: Bikini","Bikini"
"PT: Blanket","Blanket"
"PT: Blue Ray","Blue Ray"
"PT: Board Game","Board Game"
"PT: Board Shorts","Board Shorts"
"PT: Bolts","Bolts"
"PT: Book","Book"
"PT: Bottle Holder","Bottle Holder"
"PT: Bottle Opener","Bottle Opener"
"PT: Bottle","Bottle"
"PT: Boxershorts","Boxershorts"
"PT: Bracelet Set","Bracelet Set"
"PT: Bracelet","Bracelet"
"PT: Breakfast Set","Breakfast Set"
"PT: Button","Button"
"PT: CD","CD"
"PT: CD/DVD","CD/DVD"
"PT: Calendar","Calendar"
"PT: Cap","Cap"
"PT: Card Game","Card Game"
"PT: Cardigan","Cardigan"
"PT: Cargo Pants","Cargo Pants"
"PT: Chair","Chair"
"PT: Chino","Chino"
"PT: Coaster Pack","Coaster Pack"
"PT: Coaster","Coaster"
"PT: Coat","Coat"
"PT: College Jacket","College Jacket"
"PT: Cup Set","Cup Set"
"PT: Cup","Cup"
"PT: Cushion Cover","Cushion Cover"
"PT: Cycling Shorts","Cycling Shorts"
"PT: DVD","DVD"
"PT: Doormat","Doormat"
"PT: Dress","Dress"
"PT: Dungarees","Dungarees"
"PT: Earmuff","Earmuff"
"PT: Earplug","Earplug"
"PT: Earrings","Earrings"
"PT: Egg Cup & Toast Cutter","Egg Cup & Toast Cutter"
"PT: Egg Cup","Egg Cup"
"PT: Expander","Expander"
"PT: Figure","Figure"
"PT: Flag","Flag"
"PT: Flask","Flask"
"PT: Flesh Tunnel","Flesh Tunnel"
"PT: Foam Hand","Foam Hand"
"PT: Fridge Magnet","Fridge Magnet"
"PT: Gift Pack","Gift Pack"
"PT: Girl Beanie","Girl Beanie"
"PT: Girl Belt","Girl Belt"
"PT: Girl College Jacket","Girl College Jacket"
"PT: Girl Hooded College Jacket","Girl Hooded College Jacket"
"PT: Girl Hoodie","Girl Hoodie"
"PT: Girl Jacket","Girl Jacket"
"PT: Girl Jeans Jacket","Girl Jeans Jacket"
"PT: Girl Jeans","Girl Jeans"
"PT: Girl Leather Jacket","Girl Leather Jacket"
"PT: Girl Leggings","Girl Leggings"
"PT: Girl Longsleeve","Girl Longsleeve"
"PT: Girl Pants","Girl Pants"
"PT: Girl Polo","Girl Polo"
"PT: Girl Pullover","Girl Pullover"
"PT: Girl Sandals","Girl Sandals"
"PT: Girl Shirt","Girl Shirt"
"PT: Girl Shoes","Girl Shoes"
"PT: Girl Shorts","Girl Shorts"
"PT: Girl Sweater","Girl Sweater"
"PT: Girl Tank","Girl Tank"
"PT: Girl Track Jacket","Girl Track Jacket"
"PT: Girl V Neck Longsleeve","Girl V Neck Longsleeve"
"PT: Girl V Neck Pullover","Girl V Neck Pullover"
"PT: Girl V Neck Sweater","Girl V Neck Sweater"
"PT: Girl Zipper","Girl Zipper"
"PT: Girly","Girly"
"PT: Glass","Glass"
"PT: Gloves","Gloves"
"PT: Goblet","Goblet"
"PT: Hair Clip","Hair Clip"
"PT: Headphones","Headphones"
"PT: Heels","Heels"
"PT: Hip Bag","Hip Bag"
"PT: Hipbag","Hipbag"
"PT: Hooded Cardigan","Hooded Cardigan"
"PT: Hooded College Jacket","Hooded College Jacket"
"PT: Hooded Girl Shirt","Hooded Girl Shirt"
"PT: Hooded Shirt","Hooded Shirt"
"PT: Hoodie","Hoodie"
"PT: Hotpants","Hotpants"
"PT: Ice Mould","Ice Mould"
"PT: Jacket","Jacket"
"PT: Jeans Jacket","Jeans Jacket"
"PT: Jeans","Jeans"
"PT: Jersey","Jersey"
"PT: Jigsaw Puzzle","Jigsaw Puzzle"
"PT: Jumpsuit","Jumpsuit"
"PT: Keychain","Keychain"
"PT: Lamp","Lamp"
"PT: Laptop Bag","Laptop Bag"
"PT: Laptop Case","Laptop Case"
"PT: Leather Jacket","Leather Jacket"
"PT: Leggings","Leggings"
"PT: Long Beanie","Long Beanie"
"PT: Longsleeve","Longsleeve"
"PT: Magazine","Magazine"
"PT: Magnet","Magnet"
"PT: Mesh Shorts","Mesh Shorts"
"PT: Money Box","Money Box"
"PT: Mousepad","Mousepad"
"PT: Mug","Mug"
"PT: Necklace","Necklace"
"PT: Notebook","Notebook"
"PT: Panties","Panties"
"PT: Pants","Pants"
"PT: Patch","Patch"
"PT: Peeptoes","Peeptoes"
"PT: Pen & Pen Topper","Pen & Pen Topper"
"PT: Pen Topper","Pen Topper"
"PT: Pen","Pen"
"PT: Pencil Case","Pencil Case"
"PT: Piercing","Piercing"
"PT: Pillow","Pillow"
"PT: Plectra","Plectra"
"PT: Plectrum Set","Plectrum Set"
"PT: Plectrum","Plectrum"
"PT: Polo","Polo"
"PT: Pool Float","Pool Float"
"PT: Poster","Poster"
"PT: Pullover","Pullover"
"PT: Ring Stand","Ring Stand"
"PT: Ring","Ring"
"PT: Sandal","Sandal"
"PT: Scarf","Scarf"
"PT: Shirt","Shirt"
"PT: Shoes","Shoes"
"PT: Shorts","Shorts"
"PT: Shot Glass","Shot Glass"
"PT: Shot Glasses","Shot Glasses"
"PT: Skate Deck","Skate Deck"
"PT: Skatedeck","Skate Deck"
"PT: Skirt","Skirt"
"PT: Slipmat","Slipmat"
"PT: Socks","Socks"
"PT: Soft Toy","Soft Toy"
"PT: Sticker","Sticker"
"PT: Stress Controller","Stress Controller"
"PT: Sunglasses","Sunglasses"
"PT: Sweat Pants","Sweat Pants"
"PT: Sweater","Sweater"
"PT: Swimsuit","Swimsuit"
"PT: T-Shirt","T-Shirt"
"PT: Tank","Tank"
"PT: Tapestry","Tapestry"
"PT: Tea Cup + Saucer","Tea Cup + Saucer"
"PT: Tights","Tights"
"PT: Top","Top"
"PT: Torch","Torch"
"PT: Tote Bag","Tote Bag"
"PT: Towel","Towel"
"PT: Toy","Toy"
"PT: Track Jacket","Track Jacket"
"PT: Tracksuit","Tracksuit"
"PT: Travel Bag","Travel Bag"
"PT: Travel Mug","Travel Mug"
"PT: Trinket Box","Trinket Box"
"PT: Truck","Truck"
"PT: Umbrella","Umbrella"
"PT: Underwear","Underwear"
"PT: V Neck Girly","V Neck Girly"
"PT: V Neck Longsleeve","V Neck Longsleeve"
"PT: V Neck Pullover","V Neck Pullover"
"PT: V Neck Sweater","V Neck Sweater"
"PT: V Neck T-Shirt","V Neck T-Shirt"
"PT: Vest","Vest"
"PT: Vinyl","Vinyl"
"PT: Voucher","Voucher"
"PT: Wall Shelf","Wall Shelf"
"PT: Wallet","Wallet"
"PT: Washing Glove","Washing Glove"
"PT: Watch","Watch"
"PT: Wheels","Wheels"
"PT: Windbreaker","Windbreaker"
"PT: Wrapping Paper","Wrapping Paper"
"PT: Wristband","Wristband"
"PT: Writing Set","Writing Set"
"PT: Zip Holder","Zip Holder"
"PT: Zipper","Zipper"
"PT: iPhone 4 Case","iPhone 4 Case"
"PT: iPhone 4/4S Case","iPhone 4/4S Case"
"PT: iPhone 5 Case","iPhone 5 Case"
"PT: iPod Classic Skin","iPod Classic Skin"
