"Product-Title: iPhone 4/4S Case","iPhone 4/4S Case"
"Product-Title: iPhone 4 Case","iPhone 4 Case"
"Product-Title: iPhone 5 Case","iPhone 5 Case"
"Product-Title: iPod Classic Skin","iPod Classic Skin"
"Product-Title: Laptop Case","Laptop Case"
"Product-Title: Ring","Ring"
"Product-Title: Earrings","Earrings"
"Product-Title: Necklace","Necklace"
"Product-Title: Flesh Tunnel","Flesh Tunnel"
"Product-Title: Earplug","Earplug"
"Product-Title: Expander","Expander"
"Product-Title: Bag","Bag"
"Product-Title: Wallet","Wallet"
"Product-Title: Backpack","Backpack"
"Product-Title: Belt","Belt"
"Product-Title: Girl Belt","Girl Belt"
"Product-Title: Belt Pack","Belt Pack"
"Product-Title: Headphones","Headphones"
"Product-Title: Watch","Watch"
"Product-Title: Sunglasses","Sunglasses"
"Product-Title: Bracelet","Bracelet"
"Product-Title: Wristband","Wristband"
"Product-Title: Gloves","Gloves"
"Product-Title: Scarf","Scarf"
"Product-Title: Towel","Towel"
"Product-Title: Socks","Socks"
"Product-Title: Poster","Poster"
"Product-Title: Sticker","Sticker"
"Product-Title: Patch","Patch"
"Product-Title: Calendar","Calendar"
"Product-Title: Keychain","Keychain"
"Product-Title: Belt Buckle","Belt Buckle"
"Product-Title: Foam Hand","Foam Hand"
"Product-Title: Skate Deck","Skate Deck"
"Product-Title: Toy","Toy"
"Product-Title: Gift Pack","Gift Pack"
"Product-Title: Washing Glove","Washing Glove"
"Product-Title: Pencil Case","Pencil Case"
"Product-Title: Pillow","Pillow"
"Product-Title: Zip Holder","Zip Holder"
"Product-Title: Cargo Pants","Cargo Pants"
"Product-Title: Chino","Chino"
"Product-Title: Hotpants","Hotpants"
"Product-Title: Jeans","Jeans"
"Product-Title: Girl Jeans","Girl Jeans"
"Product-Title: Leggings","Leggings"
"Product-Title: Girl Leggings","Girl Leggings"
"Product-Title: Mesh Shorts","Mesh Shorts"
"Product-Title: Panties","Panties"
"Product-Title: Pants","Pants"
"Product-Title: Girl Pants","Girl Pants"
"Product-Title: Shorts","Shorts"
"Product-Title: Girl Shorts","Girl Shorts"
"Product-Title: Skirt","Skirt"
"Product-Title: Sweat Pants","Sweat Pants"
"Product-Title: Underwear","Underwear"
"Product-Title: Ballerinas","Ballerinas"
"Product-Title: Heels","Heels"
"Product-Title: Sandal","Sandal"
"Product-Title: Girl Sandals","Girl Sandals"
"Product-Title: Peeptoes","Peeptoes"
"Product-Title: Shoes","Shoes"
"Product-Title: Girl Shoes","Girl Shoes"
"Product-Title: Backpack","Backpack"
"Product-Title: Bag","Bag"
"Product-Title: Hipbag","Hipbag"
"Product-Title: Laptop Bag","Laptop Bag"
"Product-Title: Tote Bag","Tote Bag"
"Product-Title: Bikini Bottom","Bikini Bottom"
"Product-Title: Bikini","Bikini"
"Product-Title: Board Shorts","Board Shorts"
"Product-Title: Swimsuit","Swimsuit"
"Product-Title: Top","Top"
"Product-Title: Blue Ray","Blue Ray"
"Product-Title: Book","Book"
"Product-Title: CD","CD"
"Product-Title: CD/DVD","CD/DVD"
"Product-Title: DVD","DVD"
"Product-Title: Magazine","Magazine"
"Product-Title: Vinyl","Vinyl"
"Product-Title: Beanie","Beanie"
"Product-Title: Girl Beanie","Girl Beanie"
"Product-Title: Long Beanie","Long Beanie"
"Product-Title: Cap","Cap"
"Product-Title: Earmuff","Earmuff"
"Product-Title: T-Shirt","T-Shirt"
"Product-Title: V Neck T-Shirt","V Neck T-Shirt"
"Product-Title: Girly","Girly"
"Product-Title: V Neck Girly","V Neck Girly"
"Product-Title: Tank","Tank"
"Product-Title: Girl Tank","Girl Tank"
"Product-Title: Top","Top"
"Product-Title: Girl Polo","Girl Polo"
"Product-Title: Polo","Polo"
"Product-Title: Jersey","Jersey"
"Product-Title: Longsleeve","Longsleeve"
"Product-Title: Girl Longsleeve","Girl Longsleeve"
"Product-Title: V Neck Longsleeve","V Neck Longsleeve"
"Product-Title: Girl V Neck Longsleeve","Girl V Neck Longsleeve"
"Product-Title: Zipper","Zipper"
"Product-Title: Girl Zipper","Girl Zipper"
"Product-Title: Hoodie","Hoodie"
"Product-Title: Girl Hoodie","Girl Hoodie"
"Product-Title: Sweater","Sweater"
"Product-Title: Girl Sweater","Girl Sweater"
"Product-Title: V Neck Sweater","V Neck Sweater"
"Product-Title: Girl V Neck Sweater","Girl V Neck Sweater"
"Product-Title: Pullover","Pullover"
"Product-Title: Girl Pullover","Girl Pullover"
"Product-Title: V Neck Pullover","V Neck Pullover"
"Product-Title: Girl V Neck Pullover","Girl V Neck Pullover"
"Product-Title: Cardigan","Cardigan"
"Product-Title: Hooded Cardigan","Hooded Cardigan"
"Product-Title: Shirt","Shirt"
"Product-Title: Girl Shirt","Girl Shirt"
"Product-Title: Hooded Shirt","Hooded Shirt"
"Product-Title: Hooded Girl Shirt","Hooded Girl Shirt"
"Product-Title: Jacket","Jacket"
"Product-Title: Girl Jacket","Girl Jacket"
"Product-Title: Dress","Dress"
"Product-Title: Coat","Coat"
"Product-Title: Vest","Vest"
"Product-Title: Girl Jacket","Girl Jacket"
"Product-Title: Jeans Jacket","Jeans Jacket"
"Product-Title: Girl Jeans Jacket","Girl Jeans Jacket"
"Product-Title: Leather Jacket","Leather Jacket"
"Product-Title: Girl Leather Jacket","Girl Leather Jacket"
"Product-Title: Track Jacket","Track Jacket"
"Product-Title: Girl Track Jacket","Girl Track Jacket"
"Product-Title: College Jacket","College Jacket"
"Product-Title: Girl College Jacket","Girl College Jacket"
"Product-Title: Hooded College Jacket","Hooded College Jacket"
"Product-Title: Girl Hooded College Jacket","Girl Hooded College Jacket"
"Product-Title: Windbreaker","Windbreaker"
"Product-Title: Voucher","Voucher"
"Product-Title: Mug","Mug"
"Product-Title: Cup","Cup"
"Product-Title: Flag","Flag"
"Product-Title: Backpatch","Backpatch"
"Product-Title: Travel Bag","Travel Bag"
"Product-Title: Tracksuit","Tracksuit"
"Product-Title: Boxershorts","Boxershorts"
"Product-Title: Plectrum","Plectrum"
"Product-Title: Plectra","Plectra"
"Product-Title: Plectrum Set","Plectrum Set"
"Product-Title: Piercing","Piercing"
"Product-Title: Slipmat","Slipmat"
"Product-Title: Button","Button"
"Product-Title: Bottle Opener","Bottle Opener"
"Product-Title: Bottle","Bottle"
"Product-Title: Coaster","Coaster"
"Product-Title: Egg Cup","Egg Cup"
"Product-Title: Flask","Flask"
"Product-Title: Glass","Glass"
"Product-Title: Beer Mug","Beer Mug"
"Product-Title: Egg Cup & Toast Cutter","Egg Cup & Toast Cutter"
"Product-Title: Blanket","Blanket"
"Product-Title: Bed","Bed"
"Product-Title: Chair","Chair"
"Product-Title: Wrapping Paper","Wrapping Paper"
"Product-Title: Coaster Pack","Coaster Pack"
"Product-Title: Stress Controller","Stress Controller"
"Product-Title: Beer Glass","Beer Glass"
"Product-Title: Shot Glass","Shot Glass"
"Product-Title: Notebook","Notebook"
"Product-Title: Jumpsuit","Jumpsuit"
"Product-Title: Cup Set","Cup Set"
"Product-Title: Travel Mug","Travel Mug"
"Product-Title: Hair Clip","Hair Clip"
"Product-Title: Doormat","Doormat"
"Product-Title: Figure","Figure"
"Product-Title: Action Figure","Action Figure"
"Product-Title: Skatedeck","Skate Deck"
"Product-Title: Bandana","Bandana"
"Product-Title: Bolts","Bolts"
"Product-Title: Wheels","Wheels"
"Product-Title: Bearings","Bearings"
"Product-Title: Truck","Truck"
"Product-Title: Umbrella","Umbrella"
"Product-Title: Soft Toy","Soft Toy"
"Product-Title: Writing Set","Writing Set"
"Product-Title: Breakfast Set","Breakfast Set"
"Product-Title: Fridge Magnet","Fridge Magnet"
"Product-Title: Card Game","Card Game"
"Product-Title: Tights","Tights"
"Product-Title: Cushion Cover","Cushion Cover"
"Product-Title: Magnet","Magnet"
"Product-Title: Hip Bag","Hip Bag"
"Product-Title: Jigsaw Puzzle","Jigsaw Puzzle"
"Product-Title: Lamp","Lamp"
"Product-Title: Bracelet Set","Bracelet Set"
"Product-Title: Bottle Holder","Bottle Holder"
"Product-Title: Board Game","Board Game"
"Product-Title: Pool Float","Pool Float"
"Product-Title: Tapestry","Tapestry"
"Product-Title: Dungarees","Dungarees"
"Product-Title: Tea Cup + Saucer","Tea Cup + Saucer"
"Product-Title: Trinket Box","Trinket Box"
"Product-Title: Wall Shelf","Wall Shelf"
"Product-Title: Ring Stand","Ring Stand"
"Product-Title: Air Refresher","Air Refresher"
"Product-Title: Cycling Shorts","Cycling Shorts"
"Product-Title: Ice Mould","Ice Mould"
"Product-Title: Torch","Torch"
"Product-Title: Alarm Clock","Alarm Clock"
"Product-Title: Mousepad","Mousepad"
"Product-Title: Money Box","Money Box"
"Product-Title: Pen","Pen"
"Product-Title: Pen Topper","Pen Topper"
"Product-Title: Pen & Pen Topper","Pen & Pen Topper"
"Product-Title: Shot Glasses","Shot Glasses"
"Product-Title: Goblet","Goblet"