"Product-Title: iPhone 4/4S Case","Funda para iPhone 4/4S"
"Product-Title: iPhone 4 Case","Funda para iPhone 4"
"Product-Title: iPhone 5 Case","Funda para iPhone 5"
"Product-Title: iPod Classic Skin","Funda  para iPod Classic"
"Product-Title: Laptop Case","Funda de portátil"
"Product-Title: Ring","Anillo"
"Product-Title: Earrings","Pendientes"
"Product-Title: Necklace","Collar"
"Product-Title: Flesh Tunnel","Flesh Tunnel"
"Product-Title: Earplug","Earplug"
"Product-Title: Expander","Dilatador"
"Product-Title: Bag","Bolsa"
"Product-Title: Wallet","Cartera"
"Product-Title: Backpack","Mochila"
"Product-Title: Belt","Cinturón"
"Product-Title: Girl Belt","Cinturón de chica"
"Product-Title: Belt Pack","Belt Pack"
"Product-Title: Headphones","Auriculares"
"Product-Title: Watch","Reloj"
"Product-Title: Sunglasses","Gafas de sol"
"Product-Title: Bracelet","Pulsera"
"Product-Title: Wristband","Pulsera/Muñequera"
"Product-Title: Gloves","Guantes"
"Product-Title: Scarf","Bufanda"
"Product-Title: Towel","Toalla"
"Product-Title: Socks","Calcetines"
"Product-Title: Poster","Póster"
"Product-Title: Sticker","Pegatina/Sticker"
"Product-Title: Patch","Parche"
"Product-Title: Calendar","Calendario"
"Product-Title: Keychain","Llavero"
"Product-Title: Belt Buckle","Hebilla"
"Product-Title: Foam Hand","Mano de gomaespuma"
"Product-Title: Skate Deck","Tabla de skate"
"Product-Title: Toy","Juguete"
"Product-Title: Gift Pack","Pack de regalo"
"Product-Title: Washing Glove","Toalla de mano"
"Product-Title: Pencil Case","Estuche"
"Product-Title: Pillow","Almohada"
"Product-Title: Zip Holder","Sujetador de cremalleras"
"Product-Title: Cargo Pants","Pantalones Cargo"
"Product-Title: Chino","Chinos"
"Product-Title: Hotpants","Pantis"
"Product-Title: Jeans","Vaqueros"
"Product-Title: Girl Jeans","Vaqueros de chica"
"Product-Title: Leggings","Leggings"
"Product-Title: Girl Leggings","Girl Leggings"
"Product-Title: Mesh Shorts","Mesh Shorts"
"Product-Title: Panties","Panties"
"Product-Title: Pants","Pantalones"
"Product-Title: Girl Pants","Pantalones para chica chica"
"Product-Title: Shorts","Shorts"
"Product-Title: Girl Shorts","Shorts para chica"
"Product-Title: Skirt","Minifalda"
"Product-Title: Sweat Pants","Chandal"
"Product-Title: Underwear","Ropa interior"
"Product-Title: Ballerinas","Bailarinas"
"Product-Title: Heels","Tacones"
"Product-Title: Sandal","Sandalias"
"Product-Title: Girl Sandals","Sandalias para chica"
"Product-Title: Peeptoes","Peeptoes"
"Product-Title: Shoes","Zapatos"
"Product-Title: Girl Shoes","Zapatos para chica"
"Product-Title: Backpack","Mochila"
"Product-Title: Bag","Bolsa"
"Product-Title: Hipbag","Riñonera"
"Product-Title: Laptop Bag","Funda de portátil"
"Product-Title: Tote Bag","Bolsa de mano"
"Product-Title: Bikini Bottom","Parte de abajo de bikini"
"Product-Title: Bikini","Bikini"
"Product-Title: Board Shorts","Board Shorts"
"Product-Title: Swimsuit","Bañador"
"Product-Title: Top","Top"
"Product-Title: Blue Ray","Blue Ray"
"Product-Title: Book","Libro"
"Product-Title: CD","CD"
"Product-Title: CD/DVD","CD/DVD"
"Product-Title: DVD","DVD"
"Product-Title: Magazine","Magazine"
"Product-Title: Vinyl","Vinilo"
"Product-Title: Beanie","Beanie"
"Product-Title: Girl Beanie","Beanie de chica"
"Product-Title: Long Beanie","Long Beanie"
"Product-Title: Cap","Gorra"
"Product-Title: Earmuff","Cascos"
"Product-Title: T-Shirt","Camiseta"
"Product-Title: V Neck T-Shirt","Camiseta de cuello pico"
"Product-Title: Girly","Camiseta de chica"
"Product-Title: V Neck Girly","Cuello pico de chica"
"Product-Title: Tank","Tank"
"Product-Title: Girl Tank","Tank para chica"
"Product-Title: Top","Top"
"Product-Title: Girl Polo","Girl Polo"
"Product-Title: Polo","Polo"
"Product-Title: Jersey","Jersey"
"Product-Title: Longsleeve","Manga larga"
"Product-Title: Girl Longsleeve","Manga larga de chica"
"Product-Title: V Neck Longsleeve","Manga larga con cuello pico"
"Product-Title: Girl V Neck Longsleeve","Manga larga con cuello pico para chica"
"Product-Title: Zipper","Chaqueta con cremallera"
"Product-Title: Girl Zipper","Chaqueta con cremallera para chica"
"Product-Title: Hoodie","Sudadera"
"Product-Title: Girl Hoodie","Sudadera para chica"
"Product-Title: Sweater","Suéter"
"Product-Title: Girl Sweater","Suéter de chica"
"Product-Title: V Neck Sweater","Suéter de cuello pico"
"Product-Title: Girl V Neck Sweater","Suéter de cuello pico para chica"
"Product-Title: Pullover","Jersey de punto"
"Product-Title: Girl Pullover","Jersey de punto para chica"
"Product-Title: V Neck Pullover","Jersey de punto con cuello pico"
"Product-Title: Girl V Neck Pullover","Jersey de punto con cuello pico para chica"
"Product-Title: Cardigan","Cardigan"
"Product-Title: Hooded Cardigan","Cardigan con capucha"
"Product-Title: Shirt","Camisa"
"Product-Title: Girl Shirt","Camisa para chica"
"Product-Title: Hooded Shirt","Camisa con capucha"
"Product-Title: Hooded Girl Shirt","Camisa con capucha para chica"
"Product-Title: Jacket","Chaqueta"
"Product-Title: Girl Jacket","Chaqueta de chica"
"Product-Title: Dress","Vestido"
"Product-Title: Coat","Abrigo"
"Product-Title: Vest","Chaleco"
"Product-Title: Girl Jacket","Chaqueta de entretiempo para chica"
"Product-Title: Jeans Jacket","Chaqueta vaquera"
"Product-Title: Girl Jeans Jacket","Chaqueta vaquera para chica"
"Product-Title: Leather Jacket","Chaqueta de cuero"
"Product-Title: Girl Leather Jacket","Chaqueta de cuero para chica"
"Product-Title: Track Jacket","Chaqueta deportiva"
"Product-Title: Girl Track Jacket","Chaqueta deportiva para chica"
"Product-Title: College Jacket","Chaqueta estilo universitario"
"Product-Title: Girl College Jacket","Chaqueta estilo universitario para chica"
"Product-Title: Hooded College Jacket","Chaqueta estilo universitario con capucha"
"Product-Title: Girl Hooded College Jacket","Chaqueta estilo universitario con capucha para chica"
"Product-Title: Windbreaker","Chubasquero"
"Product-Title: Voucher","Cupón"
"Product-Title: Mug","Taza"
"Product-Title: Cup","Taza"
"Product-Title: Flag","Bandera"
"Product-Title: Backpatch","Parche Trasero"
"Product-Title: Travel Bag","Bolsa de viaje"
"Product-Title: Tracksuit","Chandal"
"Product-Title: Boxershorts","Shorts de boxeo"
"Product-Title: Plectrum","Púa"
"Product-Title: Plectra","Púas"
"Product-Title: Plectrum Set","Set de púas"
"Product-Title: Piercing","Piercing"
"Product-Title: Slipmat","Slipmat"
"Product-Title: Button","Pin"
"Product-Title: Bottle Opener","Abridor de botella"
"Product-Title: Bottle","Botella"
"Product-Title: Coaster","Posavasos"
"Product-Title: Egg Cup","Huevera"
"Product-Title: Flask","Petaca"
"Product-Title: Glass","Vaso"
"Product-Title: Beer Mug","Jarra de cerveza"
"Product-Title: Egg Cup & Toast Cutter","Moldes"
"Product-Title: Blanket","Manta"
"Product-Title: Bed","Cama"
"Product-Title: Chair","Silla"
"Product-Title: Wrapping Paper","Papel de regalo"
"Product-Title: Coaster Pack","Coaster Pack"
"Product-Title: Stress Controller","Antiestrés"
"Product-Title: Beer Glass","Jarra de cerveza"
"Product-Title: Shot Glass","Vaso de chupito"
"Product-Title: Notebook","Libreta"
"Product-Title: Jumpsuit","Mono"
"Product-Title: Cup Set","Set de tazas"
"Product-Title: Travel Mug","Taza de viaje"
"Product-Title: Hair Clip","Pinza de pelo"
"Product-Title: Doormat","Felupudo"
"Product-Title: Figure","Figura"
"Product-Title: Action Figure","Figura de acción"
"Product-Title: Skatedeck","Tabla de skate"
"Product-Title: Bandana","Bandana"
"Product-Title: Bolts","Tornillo"
"Product-Title: Wheels","Ruedas"
"Product-Title: Bearings","Rodamientos"
"Product-Title: Truck","Ejes"
"Product-Title: Umbrella","Paraguas"
"Product-Title: Soft Toy","Juguete Blando"
"Product-Title: Writing Set","Set de escritura"
"Product-Title: Breakfast Set","Set de desayuno"
"Product-Title: Fridge Magnet","Imán de Nevera"
"Product-Title: Card Game","Juego de Cartas"
"Product-Title: Tights","Medias"
"Product-Title: Cushion Cover","Funda de cojín"
"Product-Title: Magnet","Imán"
"Product-Title: Hip Bag","Riñonera"
"Product-Title: Jigsaw Puzzle","Puzzle"
"Product-Title: Lamp","Lámpara"
"Product-Title: Bracelet Set","Set de Pulseras"
"Product-Title: Bottle Holder","Posa Botellas"
"Product-Title: Board Game","Juego de Mesa"
"Product-Title: Pool Float","Flotador de Piscina"
"Product-Title: Tapestry","Tapete"
"Product-Title: Dungarees","Mono"
"Product-Title: Tea Cup + Saucer","Vaso de Té + Sazonador"
"Product-Title: Trinket Box","Caja de Maquillaje"
"Product-Title: Wall Shelf","Estante"
"Product-Title: Ring Stand","Soporte para anillos"
"Product-Title: Air Refresher","Ambientador"
"Product-Title: Cycling Shorts","Mallas de ciclismo cortas"
"Product-Title: Ice Mould","Ice Mould"
"Product-Title: Torch","Torch"
"Product-Title: Alarm Clock","Alarm Clock"
"Product-Title: Mousepad","Mousepad"
"Product-Title: Money Box","Money Box"
"Product-Title: Pen","Pen"
"Product-Title: Pen Topper","Pen Topper"
"Product-Title: Pen & Pen Topper","Pen & Pen Topper"
"Product-Title: Shot Glasses","Shot Glasses"
"Product-Title: Goblet","Goblet"