"Product-Title: iPhone 4/4S Case","iPhone 4/4S kuori"
"Product-Title: iPhone 4 Case","iPhone 4 Kuori"
"Product-Title: iPhone 5 Case","iPhone 5 Kuori"
"Product-Title: iPod Classic Skin","iPod Classic Kuori"
"Product-Title: Laptop Case","Kannettavan laukku"
"Product-Title: Ring","Rengas"
"Product-Title: Earrings","Korvakoru"
"Product-Title: Necklace","Kaulakoru"
"Product-Title: Flesh Tunnel","Flesh Tunnel"
"Product-Title: Earplug","Korvaplugi"
"Product-Title: Expander","Venyttäjä"
"Product-Title: Bag","Laukku"
"Product-Title: Wallet","Lompakko"
"Product-Title: Backpack","Selkäreppu"
"Product-Title: Belt","Vyö"
"Product-Title: Girl Belt","Naisten vyö"
"Product-Title: Belt Pack","Vyölaukku"
"Product-Title: Headphones","Korvakuulokkeet"
"Product-Title: Watch","Kello"
"Product-Title: Sunglasses","Aurinkolasit"
"Product-Title: Bracelet","Rannekoru"
"Product-Title: Wristband","Rannenauha"
"Product-Title: Gloves","Hanskat"
"Product-Title: Scarf","Huivi"
"Product-Title: Towel","Pyyhe"
"Product-Title: Socks","Sukat"
"Product-Title: Poster","Juliste"
"Product-Title: Sticker","Tarra"
"Product-Title: Patch","Patch"
"Product-Title: Calendar","Kalenteri"
"Product-Title: Keychain","Avaimenperä"
"Product-Title: Belt Buckle","Vyönsolki"
"Product-Title: Foam Hand","Vaahtomuovi käsi"
"Product-Title: Skate Deck","Skateboard"
"Product-Title: Toy","Lelu"
"Product-Title: Gift Pack","Lahja paketti"
"Product-Title: Washing Glove","Pesu hanska"
"Product-Title: Pencil Case","Penaali"
"Product-Title: Pillow","Tyyny"
"Product-Title: Zip Holder","Vetoketjun pidin"
"Product-Title: Cargo Pants","Cargo housut"
"Product-Title: Chino","Chinot"
"Product-Title: Hotpants","Hotpants"
"Product-Title: Jeans","Farkut"
"Product-Title: Girl Jeans","Naisten farkut"
"Product-Title: Leggings","Leggingsit"
"Product-Title: Girl Leggings","Naisten leggingsit"
"Product-Title: Mesh Shorts","Mesh shortsit"
"Product-Title: Panties","Housut"
"Product-Title: Pants","Housut"
"Product-Title: Girl Pants","Naisten housut"
"Product-Title: Shorts","Shortsit"
"Product-Title: Girl Shorts","Naisten shortsit"
"Product-Title: Skirt","Paita"
"Product-Title: Sweat Pants","Colleget"
"Product-Title: Underwear","Alusvaatteet"
"Product-Title: Ballerinas","Ballerinat"
"Product-Title: Heels","Korot"
"Product-Title: Sandal","Sandaalit"
"Product-Title: Girl Sandals","Naisten sandaalit"
"Product-Title: Peeptoes","Peeptoes"
"Product-Title: Shoes","Kengät"
"Product-Title: Girl Shoes","Naisten kengät"
"Product-Title: Backpack","Selkäreppu"
"Product-Title: Bag","Laukku"
"Product-Title: Hipbag","Lantiolaukku"
"Product-Title: Laptop Bag","Tietokonelaukku"
"Product-Title: Tote Bag","kassi"
"Product-Title: Bikini Bottom","Bikinin alaosa"
"Product-Title: Bikini","Bikini"
"Product-Title: Board Shorts","Surffi shortsit"
"Product-Title: Swimsuit","Uima-asu"
"Product-Title: Top","Toppi"
"Product-Title: Blue Ray","Blue-Ray"
"Product-Title: Book","Kirja"
"Product-Title: CD","CD"
"Product-Title: CD/DVD","CD/DVD"
"Product-Title: DVD","DVD"
"Product-Title: Magazine","Lehti"
"Product-Title: Vinyl","Vinyyli"
"Product-Title: Beanie","Pipo"
"Product-Title: Girl Beanie","Naisten pipo"
"Product-Title: Long Beanie","Pipo"
"Product-Title: Cap","Lippis"
"Product-Title: Earmuff","kupusuojain"
"Product-Title: T-Shirt","T-paita"
"Product-Title: V Neck T-Shirt","V-aukkoinen t-paita"
"Product-Title: Girly","Naisellinen"
"Product-Title: V Neck Girly","V-aukkoinen naisten t-paita"
"Product-Title: Tank","Hihaton"
"Product-Title: Girl Tank","Naisten hihaton"
"Product-Title: Top","Top"
"Product-Title: Girl Polo","Naisten Polo"
"Product-Title: Polo","Polo"
"Product-Title: Jersey","Takki"
"Product-Title: Longsleeve","Pitkähihainen t-paita"
"Product-Title: Girl Longsleeve","Naisten pitkähihainen"
"Product-Title: V Neck Longsleeve","V-aukkoinen pitkähihainen t-paita"
"Product-Title: Girl V Neck Longsleeve","Naisten V-aukkoinen pitkähihainen t-paita"
"Product-Title: Zipper","Vetoketju huppari"
"Product-Title: Girl Zipper","Naisten vetoketju huppari"
"Product-Title: Hoodie","Huppari"
"Product-Title: Girl Hoodie","Naisten huppari"
"Product-Title: Sweater","Villapaita"
"Product-Title: Girl Sweater","Naisten villapaita"
"Product-Title: V Neck Sweater","V-aukkoinen villapaita"
"Product-Title: Girl V Neck Sweater","Naisten V-aukkoinen villapaita"
"Product-Title: Pullover","Villapusero"
"Product-Title: Girl Pullover","Naisten villapusero"
"Product-Title: V Neck Pullover","V-aukkoinen villapusero"
"Product-Title: Girl V Neck Pullover","Naisten V-aukkoinen villapusero"
"Product-Title: Cardigan","Neuletakki"
"Product-Title: Hooded Cardigan","Hupullinen neuletakki"
"Product-Title: Shirt","Paita"
"Product-Title: Girl Shirt","Naisten paita"
"Product-Title: Hooded Shirt","Hupullinen paita"
"Product-Title: Hooded Girl Shirt","Naisten hupullinen paita"
"Product-Title: Jacket","Takki"
"Product-Title: Girl Jacket","Naisten takki"
"Product-Title: Dress","Mekko"
"Product-Title: Coat","Turkki"
"Product-Title: Vest","Liivi"
"Product-Title: Girl Jacket","Naisten takki"
"Product-Title: Jeans Jacket","Farkkutakki"
"Product-Title: Girl Jeans Jacket","Naisten farkkutakki"
"Product-Title: Leather Jacket","Nahkatakki"
"Product-Title: Girl Leather Jacket","Naisten nahkatakki"
"Product-Title: Track Jacket","Verryttelytakki"
"Product-Title: Girl Track Jacket","Naisten verryttelytakki"
"Product-Title: College Jacket","College-takki"
"Product-Title: Girl College Jacket","Naisten College-takki"
"Product-Title: Hooded College Jacket","College-takki hupulla"
"Product-Title: Girl Hooded College Jacket","Naisten hupullinen College-takki"
"Product-Title: Windbreaker","Tuulitakki"
"Product-Title: Voucher","Lahjakortti"
"Product-Title: Mug","Muki"
"Product-Title: Cup","Muki"
"Product-Title: Flag","Lippu"
"Product-Title: Backpatch","Backpatch"
"Product-Title: Travel Bag","Matkalaukku"
"Product-Title: Tracksuit","Veryttelypuku"
"Product-Title: Boxershorts","Bokserishortsit"
"Product-Title: Plectrum","Plektra"
"Product-Title: Plectra","Plektrat"
"Product-Title: Plectrum Set","Plectrum Setti"
"Product-Title: Piercing","Lävistys"
"Product-Title: Slipmat","Vinylimatto"
"Product-Title: Button","Nappi"
"Product-Title: Bottle Opener","Pulloavaaja"
"Product-Title: Bottle","Pullo"
"Product-Title: Coaster","Lasinalunen"
"Product-Title: Egg Cup","Munakuppi"
"Product-Title: Flask","Taskumatti"
"Product-Title: Glass","Lasi"
"Product-Title: Beer Mug","Olutmukit"
"Product-Title: Egg Cup & Toast Cutter","Munakuppi & Leipäleikkuri"
"Product-Title: Blanket","Huopa"
"Product-Title: Bed","Sänky"
"Product-Title: Chair","Tuoli"
"Product-Title: Wrapping Paper","Lahjapaperi"
"Product-Title: Coaster Pack","Coaster Pack"
"Product-Title: Stress Controller","Stressilelu"
"Product-Title: Beer Glass","Olutmuki"
"Product-Title: Shot Glass","Shottilasi"
"Product-Title: Notebook","Vihko"
"Product-Title: Jumpsuit","Jumpsuit haalari"
"Product-Title: Cup Set","Mukisetti"
"Product-Title: Travel Mug","Termosmuki"
"Product-Title: Hair Clip","Hiusklipsi"
"Product-Title: Doormat","Ovimatto"
"Product-Title: Figure","Figuuri"
"Product-Title: Action Figure","Actionfiguuri"
"Product-Title: Skatedeck","Skeittilauta"
"Product-Title: Bandana","Bandana"
"Product-Title: Bolts","Tikat"
"Product-Title: Wheels","Pyörät"
"Product-Title: Bearings","Bearings"
"Product-Title: Truck","Rekka"
"Product-Title: Umbrella","Sateenvarjo"
"Product-Title: Soft Toy","Pehmolelu"
"Product-Title: Writing Set","Kirjoitus-setti"
"Product-Title: Breakfast Set","Aamupala-setti"
"Product-Title: Fridge Magnet","Jääkaappimagneetti"
"Product-Title: Card Game","Korttipeli"
"Product-Title: Tights","Sukkahousut"
"Product-Title: Cushion Cover","Tyynynpäällinen"
"Product-Title: Magnet","Magneetti"
"Product-Title: Hip Bag","Lantiolaukku"
"Product-Title: Jigsaw Puzzle","Palapeli"
"Product-Title: Lamp","Lamppu"
"Product-Title: Bracelet Set","Rannekorusetti"
"Product-Title: Bottle Holder","Pullonpidin"
"Product-Title: Board Game","Lautapeli"
"Product-Title: Pool Float","Uimapatja"
"Product-Title: Tapestry","Seinälippu"
"Product-Title: Dungarees","Henkselihousut"
"Product-Title: Tea Cup + Saucer","Teekuppi + alunen"
"Product-Title: Trinket Box","Korurasia"
"Product-Title: Wall Shelf","Seinähylly"
"Product-Title: Ring Stand","Sormukkeenpidin"
"Product-Title: Air Refresher","Ilmanraikastin"
"Product-Title: Cycling Shorts","Pyöräilyshortsit"
"Product-Title: Ice Mould","Ice Mould"
"Product-Title: Torch","Torch"
"Product-Title: Alarm Clock","Alarm Clock"
"Product-Title: Mousepad","Mousepad"
"Product-Title: Money Box","Money Box"
"Product-Title: Pen","Pen"
"Product-Title: Pen Topper","Pen Topper"
"Product-Title: Pen & Pen Topper","Pen & Pen Topper"
"Product-Title: Shot Glasses","Shot Glasses"
"Product-Title: Goblet","Goblet"