"Product-Title: iPhone 4/4S Case","Obudowa na iPhone 4/4S"
"Product-Title: iPhone 4 Case","Obudowa na iPhone 4"
"Product-Title: iPhone 5 Case","Obudowa na iPhone 5"
"Product-Title: iPod Classic Skin","Obudowa na iPod Classic"
"Product-Title: Laptop Case","Etui na laptop"
"Product-Title: Ring","Pierścionek"
"Product-Title: Earrings","Kolczyki"
"Product-Title: Necklace","Naszyjnik"
"Product-Title: Flesh Tunnel","Tunel"
"Product-Title: Earplug","Earplug"
"Product-Title: Expander","Expander"
"Product-Title: Bag","Torba"
"Product-Title: Wallet","Portfel"
"Product-Title: Backpack","Plecak"
"Product-Title: Belt","Pasek"
"Product-Title: Girl Belt","Damski pasek"
"Product-Title: Belt Pack","Zestaw pasków"
"Product-Title: Headphones","Słuchawki"
"Product-Title: Watch","Zegarek"
"Product-Title: Sunglasses","Okulary przeciwsłoneczne"
"Product-Title: Bracelet","Bransoletka"
"Product-Title: Wristband","Opaska na nadgarstek"
"Product-Title: Gloves","Rękawiczki"
"Product-Title: Scarf","Szalik"
"Product-Title: Towel","Ręcznik"
"Product-Title: Socks","Skarpetki"
"Product-Title: Poster","Plakat"
"Product-Title: Sticker","Naklejka"
"Product-Title: Patch","Naszywka"
"Product-Title: Calendar","Kalendarz"
"Product-Title: Keychain","Brelok"
"Product-Title: Belt Buckle","Klamra do paska"
"Product-Title: Foam Hand","Piankowa ręka"
"Product-Title: Skate Deck","Skateboard deck"
"Product-Title: Toy","Zabawka"
"Product-Title: Gift Pack","Zestaw prezentowy"
"Product-Title: Washing Glove","Rękawice do mycia"
"Product-Title: Pencil Case","Piórnik"
"Product-Title: Pillow","Poduszka"
"Product-Title: Zip Holder","Zip holder"
"Product-Title: Cargo Pants","Bojówki"
"Product-Title: Chino","Chinos"
"Product-Title: Hotpants","Panty"
"Product-Title: Jeans","Jeansy"
"Product-Title: Girl Jeans","Damskie jeansy"
"Product-Title: Leggings","Leggingsy"
"Product-Title: Girl Leggings","Damskie legginsy"
"Product-Title: Mesh Shorts","Mesh shorts"
"Product-Title: Panties","Majtki"
"Product-Title: Pants","Spodnie"
"Product-Title: Girl Pants","Damskie spodnie"
"Product-Title: Shorts","Szoty"
"Product-Title: Girl Shorts","Damskie szorty"
"Product-Title: Skirt","Spódnica"
"Product-Title: Sweat Pants","Spodnie dresowe"
"Product-Title: Underwear","Bielizna"
"Product-Title: Ballerinas","Baleriny"
"Product-Title: Heels","Obcasy"
"Product-Title: Sandal","Sandały"
"Product-Title: Girl Sandals","Damskie sandały"
"Product-Title: Peeptoes","Peeptoes"
"Product-Title: Shoes","Buty"
"Product-Title: Girl Shoes","Damskie buty"
"Product-Title: Backpack","Plecak"
"Product-Title: Bag","Torba"
"Product-Title: Hipbag","Torba na biodra"
"Product-Title: Laptop Bag","Torba na laptop"
"Product-Title: Tote Bag","Torba materiałowa"
"Product-Title: Bikini Bottom","Dół bikini"
"Product-Title: Bikini","Bikini"
"Product-Title: Board Shorts","Spodenki plażowe"
"Product-Title: Swimsuit","Strój kąpielowy"
"Product-Title: Top","Top"
"Product-Title: Blue Ray","Blu Ray"
"Product-Title: Book","Książka"
"Product-Title: CD","CD"
"Product-Title: CD/DVD","CD/DVD"
"Product-Title: DVD","DVD"
"Product-Title: Magazine","Czasopismo"
"Product-Title: Vinyl","Winyl"
"Product-Title: Beanie","Beanie"
"Product-Title: Girl Beanie","Damskie beanie"
"Product-Title: Long Beanie","Długie beanie"
"Product-Title: Cap","Czapka"
"Product-Title: Earmuff","Nauszniki"
"Product-Title: T-Shirt","T-shirt"
"Product-Title: V Neck T-Shirt","V-neck T-shirt"
"Product-Title: Girly","Damski T-shirt"
"Product-Title: V Neck Girly","Damski V-neck"
"Product-Title: Tank","Tanktop"
"Product-Title: Girl Tank","Damski tanktop"
"Product-Title: Top","Top"
"Product-Title: Girl Polo","Damskie polo"
"Product-Title: Polo","Polo"
"Product-Title: Jersey","Jersey"
"Product-Title: Longsleeve","Longsleeve"
"Product-Title: Girl Longsleeve","Damski longsleeve"
"Product-Title: V Neck Longsleeve","V-neck longsleeve"
"Product-Title: Girl V Neck Longsleeve","Damski V-neck longsleeve"
"Product-Title: Zipper","Bluza na zamek błyskawiczny"
"Product-Title: Girl Zipper","Damska bluza na zamek błyskawiczny"
"Product-Title: Hoodie","Bluza z kapturem"
"Product-Title: Girl Hoodie","Damska bluza z kapturem"
"Product-Title: Sweater","Bluza"
"Product-Title: Girl Sweater","Damska bluza"
"Product-Title: V Neck Sweater","Bluza V-neck"
"Product-Title: Girl V Neck Sweater","Damska bluza V-neck"
"Product-Title: Pullover","Sweter"
"Product-Title: Girl Pullover","Damski sweter"
"Product-Title: V Neck Pullover","Sweter V-neck"
"Product-Title: Girl V Neck Pullover","Damski sweter V-neck"
"Product-Title: Cardigan","Cardigan"
"Product-Title: Hooded Cardigan","Cadrigan z kapturem"
"Product-Title: Shirt","Koszula"
"Product-Title: Girl Shirt","Damska koszula"
"Product-Title: Hooded Shirt","Koszula z kapturem"
"Product-Title: Hooded Girl Shirt","Damska koszula z kapturem"
"Product-Title: Jacket","Kurtka"
"Product-Title: Girl Jacket","Damska kurtka"
"Product-Title: Dress","Sukienka"
"Product-Title: Coat","Płaszcz"
"Product-Title: Vest","Kamizelka"
"Product-Title: Girl Jacket","Damska kurtka"
"Product-Title: Jeans Jacket","Kurtka jeansowa"
"Product-Title: Girl Jeans Jacket","Damska kurtka jeansowa"
"Product-Title: Leather Jacket","Kurtka skórzana"
"Product-Title: Girl Leather Jacket","Damska kurtka skórzana"
"Product-Title: Track Jacket","Kurtka sportowa"
"Product-Title: Girl Track Jacket","Damska kurtka sportowa"
"Product-Title: College Jacket","Kurtka bejsolówka"
"Product-Title: Girl College Jacket","Damska kurtka bejsbolówka"
"Product-Title: Hooded College Jacket","Kurtka bejsbolówka z kapturem"
"Product-Title: Girl Hooded College Jacket","Damska kurtka bejsbolówka z kapturem"
"Product-Title: Windbreaker","Wiatrówka"
"Product-Title: Voucher","Voucher"
"Product-Title: Mug","Kubek"
"Product-Title: Cup","Szklanka"
"Product-Title: Flag","Flaga"
"Product-Title: Backpatch","Ekran"
"Product-Title: Travel Bag","Torba podróżna"
"Product-Title: Tracksuit","Dres"
"Product-Title: Boxershorts","Bokserki"
"Product-Title: Plectrum","Kostka gitarowa"
"Product-Title: Plectra","Kostki gitarowe"
"Product-Title: Plectrum Set","Zestaw kostek gitarowych"
"Product-Title: Piercing","Piercing"
"Product-Title: Slipmat","Slipmata"
"Product-Title: Button","Przypinka"
"Product-Title: Bottle Opener","Otwieracz do butelek"
"Product-Title: Bottle","Butelka"
"Product-Title: Coaster","Podkładka pod kubek"
"Product-Title: Egg Cup","Kieliszek na jajko"
"Product-Title: Flask","Piersiówka"
"Product-Title: Glass","Szkło"
"Product-Title: Beer Mug","Kufel do piwa"
"Product-Title: Egg Cup & Toast Cutter","Kieliszek do jajka i krajalnica do tostów"
"Product-Title: Blanket","Koc"
"Product-Title: Bed","Łóżko"
"Product-Title: Chair","Krzesło"
"Product-Title: Wrapping Paper","Papier do pakowania"
"Product-Title: Coaster Pack","Zestaw podkładek"
"Product-Title: Stress Controller","Stress controller"
"Product-Title: Beer Glass","Kufel do piwa"
"Product-Title: Shot Glass","Kieliszek"
"Product-Title: Notebook","Notatnik"
"Product-Title: Jumpsuit","Kombinezony"
"Product-Title: Cup Set","Zestaw kubków"
"Product-Title: Travel Mug","Kubek podróżny"
"Product-Title: Hair Clip","Spinka do włosów"
"Product-Title: Doormat","Wycieraczka"
"Product-Title: Figure","Figurka"
"Product-Title: Action Figure","Figurka"
"Product-Title: Skatedeck","Skateboard deck"
"Product-Title: Bandana","Bandana"
"Product-Title: Bolts","Śruby"
"Product-Title: Wheels","Koła"
"Product-Title: Bearings","Łożyska"
"Product-Title: Truck","Truck"
"Product-Title: Umbrella","Parasol"
"Product-Title: Soft Toy","Miękka zabawka"
"Product-Title: Writing Set","Writing Set"
"Product-Title: Breakfast Set","Breakfast Set"
"Product-Title: Fridge Magnet","Fridge Magnet"
"Product-Title: Card Game","Card Game"
"Product-Title: Tights","Tights"
"Product-Title: Cushion Cover","Cushion Cover"
"Product-Title: Magnet","Magnet"
"Product-Title: Hip Bag","Torba na biodra"
"Product-Title: Jigsaw Puzzle","Jigsaw Puzzle"
"Product-Title: Lamp","Lamp"
"Product-Title: Bracelet Set","Bracelet Set"
"Product-Title: Bottle Holder","Bottle Holder"
"Product-Title: Board Game","Board Game"
"Product-Title: Pool Float","Pool Float"
"Product-Title: Tapestry","Tapestry"
"Product-Title: Dungarees","Dungarees"
"Product-Title: Tea Cup + Saucer","Tea Cup + Saucer"
"Product-Title: Trinket Box","Trinket Box"
"Product-Title: Wall Shelf","Wall Shelf"
"Product-Title: Ring Stand","Ring Stand"
"Product-Title: Air Refresher","Air Refresher"
"Product-Title: Cycling Shorts","Cycling Shorts"
"Product-Title: Ice Mould","Ice Mould"
"Product-Title: Torch","Torch"
"Product-Title: Alarm Clock","Alarm Clock"
"Product-Title: Mousepad","Mousepad"
"Product-Title: Money Box","Money Box"
"Product-Title: Pen","Pen"
"Product-Title: Pen Topper","Pen Topper"
"Product-Title: Pen & Pen Topper","Pen & Pen Topper"
"Product-Title: Shot Glasses","Shot Glasses"
"Product-Title: Goblet","Goblet"