"Product-Title: iPhone 4/4S Case","iPhone 4/4S Skal"
"Product-Title: iPhone 4 Case","iPhone 4 Skal"
"Product-Title: iPhone 5 Case","iPhone 5 Skal"
"Product-Title: iPod Classic Skin","iPod Classic Skal"
"Product-Title: Laptop Case","Laptopfodral"
"Product-Title: Ring","Ring"
"Product-Title: Earrings","Örhängen"
"Product-Title: Necklace","Halsband"
"Product-Title: Flesh Tunnel","Flesh Tunnel"
"Product-Title: Earplug","Öronplugg"
"Product-Title: Expander","Expander"
"Product-Title: Bag","Väska"
"Product-Title: Wallet","Plånbok"
"Product-Title: Backpack","Ryggsäck"
"Product-Title: Belt","Bälte"
"Product-Title: Girl Belt","Bälte tjej"
"Product-Title: Belt Pack","Belt Pack"
"Product-Title: Headphones","Hörlurar"
"Product-Title: Watch","Armbandsur"
"Product-Title: Sunglasses","Solglasögon"
"Product-Title: Bracelet","Armband"
"Product-Title: Wristband","Vristband"
"Product-Title: Gloves","Handske"
"Product-Title: Scarf","Sjal"
"Product-Title: Towel","Handduk"
"Product-Title: Socks","Strumpor"
"Product-Title: Poster","Poster"
"Product-Title: Sticker","Klistermärke"
"Product-Title: Patch","Patch"
"Product-Title: Calendar","Kalender"
"Product-Title: Keychain","Nyckelring"
"Product-Title: Belt Buckle","Bältesspänne"
"Product-Title: Foam Hand","Foam Hand"
"Product-Title: Skate Deck","Skateboard"
"Product-Title: Toy","Leksak"
"Product-Title: Gift Pack","Presentförpackning"
"Product-Title: Washing Glove","Tvätthandske"
"Product-Title: Pencil Case","Pennfodral"
"Product-Title: Pillow","Kudde"
"Product-Title: Zip Holder","Blixtlåshållare"
"Product-Title: Cargo Pants","Cargo-byxor"
"Product-Title: Chino","Chinos"
"Product-Title: Hotpants","Hotpants"
"Product-Title: Jeans","Jeans"
"Product-Title: Girl Jeans","Jeans tjej"
"Product-Title: Leggings","Leggings"
"Product-Title: Girl Leggings","Girl Leggings"
"Product-Title: Mesh Shorts","Meshshorts"
"Product-Title: Panties","Trosor"
"Product-Title: Pants","Byxor"
"Product-Title: Girl Pants","Byxor tjej"
"Product-Title: Shorts","Shorts"
"Product-Title: Girl Shorts","Shorts tjej"
"Product-Title: Skirt","Kjol"
"Product-Title: Sweat Pants","Mjukisbyxor"
"Product-Title: Underwear","Underkläder"
"Product-Title: Ballerinas","Ballerinas"
"Product-Title: Heels","Högklackade skor"
"Product-Title: Sandal","Sandaler"
"Product-Title: Girl Sandals","Sandaler tjej"
"Product-Title: Peeptoes","Peeptoes"
"Product-Title: Shoes","Skor"
"Product-Title: Girl Shoes","Skor för tjejer"
"Product-Title: Backpack","Ryggsäck"
"Product-Title: Bag","Väska"
"Product-Title: Hipbag","Magväska"
"Product-Title: Laptop Bag","Datorväska"
"Product-Title: Tote Bag","Tygpåse"
"Product-Title: Bikini Bottom","Bikiniunderdel"
"Product-Title: Bikini","Bikini"
"Product-Title: Board Shorts","Surfshorts"
"Product-Title: Swimsuit","Baddräkt"
"Product-Title: Top","Bikiniöverdel"
"Product-Title: Blue Ray","Blue-Ray"
"Product-Title: Book","Bok"
"Product-Title: CD","CD"
"Product-Title: CD/DVD","CD/DVD"
"Product-Title: DVD","DVD"
"Product-Title: Magazine","Tidning"
"Product-Title: Vinyl","Vinyl"
"Product-Title: Beanie","Mössa"
"Product-Title: Girl Beanie","Mössa tjej"
"Product-Title: Long Beanie","Long Beanie"
"Product-Title: Cap","Keps"
"Product-Title: Earmuff","Öronmuffar"
"Product-Title: T-Shirt","T-shirt"
"Product-Title: V Neck T-Shirt","V-neck T-shirt"
"Product-Title: Girly","Tjej"
"Product-Title: V Neck Girly","V-neck T-shirt tjej"
"Product-Title: Tank","Linne"
"Product-Title: Girl Tank","Linne för tjejer"
"Product-Title: Top","Top"
"Product-Title: Girl Polo","Girl Polo"
"Product-Title: Polo","Pikétröja"
"Product-Title: Jersey","Tröja"
"Product-Title: Longsleeve","Långärmad T-shirt"
"Product-Title: Girl Longsleeve","Långärmad T-shirt tjej"
"Product-Title: V Neck Longsleeve","V-neck långärmad T-shirt"
"Product-Title: Girl V Neck Longsleeve","V-neck långärmad T-shirt tjej"
"Product-Title: Zipper","Huvtröja med dragkedja"
"Product-Title: Girl Zipper","Huvtröja med dragkedja tjej"
"Product-Title: Hoodie","Huvtröja"
"Product-Title: Girl Hoodie","Huvtröja tjej"
"Product-Title: Sweater","Tröja"
"Product-Title: Girl Sweater","Tröja tjej"
"Product-Title: V Neck Sweater","V-neck tröja"
"Product-Title: Girl V Neck Sweater","V-neck tröja tjej"
"Product-Title: Pullover","Pullover"
"Product-Title: Girl Pullover","Pullover tjej"
"Product-Title: V Neck Pullover","V-neck pullover"
"Product-Title: Girl V Neck Pullover","V-neck pullover tjej"
"Product-Title: Cardigan","Cardigan"
"Product-Title: Hooded Cardigan","Cadrigan med huva"
"Product-Title: Shirt","Skjorta"
"Product-Title: Girl Shirt","Skjorta tjej"
"Product-Title: Hooded Shirt","Skjorta med huva"
"Product-Title: Hooded Girl Shirt","Skjorta med huva tjej"
"Product-Title: Jacket","Jacka"
"Product-Title: Girl Jacket","jacka tjej"
"Product-Title: Dress","Klänning"
"Product-Title: Coat","Kappa"
"Product-Title: Vest","Väst"
"Product-Title: Girl Jacket","Jacka tjej"
"Product-Title: Jeans Jacket","Jeansjacka"
"Product-Title: Girl Jeans Jacket","Jeansjacka tjej"
"Product-Title: Leather Jacket","Skinnjacka"
"Product-Title: Girl Leather Jacket","Skinnjacka tjej"
"Product-Title: Track Jacket","Träningsjacka"
"Product-Title: Girl Track Jacket","Träningsjacka tjej"
"Product-Title: College Jacket","collegejacka"
"Product-Title: Girl College Jacket","collegejacka tjej"
"Product-Title: Hooded College Jacket","collegejacka med huva"
"Product-Title: Girl Hooded College Jacket","collegejacka med huva tjej"
"Product-Title: Windbreaker","Vindjacka"
"Product-Title: Voucher","Rabattkort"
"Product-Title: Mug","Mugg"
"Product-Title: Cup","Mugg"
"Product-Title: Flag","Flagga"
"Product-Title: Backpatch","backpatch"
"Product-Title: Travel Bag","Resväska"
"Product-Title: Tracksuit","Tracksuit"
"Product-Title: Boxershorts","Boxershorts"
"Product-Title: Plectrum","Plektrum"
"Product-Title: Plectra","Plektrum"
"Product-Title: Plectrum Set","Plektrumset"
"Product-Title: Piercing","Piercing"
"Product-Title: Slipmat","Slipmat"
"Product-Title: Button","Knapp"
"Product-Title: Bottle Opener","Kapsylöppnare"
"Product-Title: Bottle","Flaska"
"Product-Title: Coaster","Underlägg"
"Product-Title: Egg Cup","Äggkopp"
"Product-Title: Flask","Plunta"
"Product-Title: Glass","Glas"
"Product-Title: Beer Mug","Ölstop"
"Product-Title: Egg Cup & Toast Cutter","Äggkopp & Brödskivare"
"Product-Title: Blanket","Filt"
"Product-Title: Bed","Säng"
"Product-Title: Chair","Stol"
"Product-Title: Wrapping Paper","Omslagspapper"
"Product-Title: Coaster Pack","Underläggspaket"
"Product-Title: Stress Controller","Stresskontrollerare"
"Product-Title: Beer Glass","Ölglas"
"Product-Title: Shot Glass","Shotglas"
"Product-Title: Notebook","Anteckningsbok"
"Product-Title: Jumpsuit","Jumpsuit"
"Product-Title: Cup Set","Muggset"
"Product-Title: Travel Mug","Resemugg"
"Product-Title: Hair Clip","Hårklippa"
"Product-Title: Doormat","Dörrmatta"
"Product-Title: Figure","Figur"
"Product-Title: Action Figure","Actionfigur"
"Product-Title: Skatedeck","Skateboard"
"Product-Title: Bandana","Bandana"
"Product-Title: Bolts","Bultar"
"Product-Title: Wheels","Hjul"
"Product-Title: Bearings","Kullager"
"Product-Title: Truck","Lastbil"
"Product-Title: Umbrella","Paraply"
"Product-Title: Soft Toy","Mjuk leksak"
"Product-Title: Writing Set","Skrivset"
"Product-Title: Breakfast Set","Frukostset"
"Product-Title: Fridge Magnet","Kylskåpsmagnet"
"Product-Title: Card Game","Kortlek"
"Product-Title: Tights","Tights"
"Product-Title: Cushion Cover","Kuddfodral"
"Product-Title: Magnet","Magnet"
"Product-Title: Hip Bag","Magväska"
"Product-Title: Jigsaw Puzzle","Pussel"
"Product-Title: Lamp","Lampa"
"Product-Title: Bracelet Set","Armbandsset"
"Product-Title: Bottle Holder","Flaskhållare"
"Product-Title: Board Game","Sällskapsspel"
"Product-Title: Pool Float","Pool float"
"Product-Title: Tapestry","Bonad"
"Product-Title: Dungarees","Blåställ"
"Product-Title: Tea Cup + Saucer","Teakopp + assiett"
"Product-Title: Trinket Box","Smyckesskrin"
"Product-Title: Wall Shelf","Vägghylla"
"Product-Title: Ring Stand","Ringhållare"
"Product-Title: Air Refresher","Luftrenare"
"Product-Title: Cycling Shorts","Cykelshorts"
"Product-Title: Ice Mould","Ice Mould"
"Product-Title: Torch","Torch"
"Product-Title: Alarm Clock","Alarm Clock"
"Product-Title: Mousepad","Mousepad"
"Product-Title: Money Box","Money Box"
"Product-Title: Pen","Pen"
"Product-Title: Pen Topper","Pen Topper"
"Product-Title: Pen & Pen Topper","Pen & Pen Topper"
"Product-Title: Shot Glasses","Shot Glasses"
"Product-Title: Goblet","Goblet"